timestamp,x,y,z,qx,qy,qz,qw,relative_time
1743161012.4617305,-0.020449724048376083,1.0955708026885986,-0.01633232831954956,0.00020125602753605227,0.00048121685978046744,0.008733838535821548,-0.999961797840978,0.0
1743161012.6616986,-0.02300645224750042,1.1036181449890137,-0.01582852005958557,0.00026284598076506063,0.0004921042571484497,0.008759000204382583,-0.9999615028130384,0.1999680995941162
1743161012.861776,-0.022986439988017082,1.1112557649612427,-0.017220497131347656,0.000299250388049772,0.00045380019591239874,0.008763172742385139,-0.99996146066619,0.40004563331604004
1743161013.0616808,-0.021698586642742157,1.116064429283142,-0.01805981993675232,0.0003220620816930711,0.0004108778700843233,0.00878454119458022,-0.9999613342256445,0.5999503135681152
1743161013.2616878,-0.020284408703446388,1.1190446615219116,-0.018514558672904968,0.0002945457563745013,0.0003920366133079575,0.008790821075008282,-0.9999612920787959,0.799957275390625
1743161013.46206,-0.01947365142405033,1.122209906578064,-0.01915322244167328,0.00028647997526903455,0.000374374295257492,0.00878593204058098,-0.9999612920787959,1.0003294944763184
1743161013.6616666,-0.01703813672065735,1.1253105401992798,-0.01889859139919281,0.0003077925926650509,0.0003407472659934844,0.008817710764358222,-0.999961039197705,1.1999361515045166
1743161013.8618002,-0.01235071662813425,1.1244065761566162,-0.017651155591011047,0.0002905145334056636,0.0002850846062764518,0.008849110166498864,-0.9999608284634625,1.4000697135925293
1743161014.0617197,-0.008744713850319386,1.1192004680633545,-0.016645774245262146,0.0001971073309026143,0.00022905464207387198,0.008862259983234255,-0.9999607441697653,1.5999891757965088
1743161014.261651,-0.006748203653842211,1.1143523454666138,-0.016111448407173157,0.00014223995950234154,0.0002427770581140829,0.008854420669411278,-0.9999608284634623,1.7999205589294434
1743161014.4616768,-0.0059525868855416775,1.1128497123718262,-0.01475389301776886,0.0001570434792499855,0.0002793553211489017,0.008868539863662428,-0.9999606177292197,1.9999463558197021
1743161014.6616745,-0.004254363942891359,1.1157872676849365,-0.012801304459571838,0.0002043565451150169,0.00027359723691821485,0.008847719320497993,-0.9999608706103109,2.199944019317627
1743161014.8618479,-0.003141595283523202,1.1197521686553955,-0.01175910234451294,0.00020560037877178768,0.00030165752257281785,0.008844600453708218,-0.9999608706103108,2.4001173973083496
1743161015.0618129,-0.0009334750357083976,1.1230558156967163,-0.011732414364814758,0.00019309485522962843,0.0002651575388715065,0.008850374571954256,-0.9999608284634623,2.6000823974609375
1743161015.2616727,0.00040213114698417485,1.124405026435852,-0.011527970433235168,0.00018681875628754713,0.0002563751121398645,0.008855263606381447,-0.9999607441697653,2.7999422550201416
1743161015.4616952,0.0008397413766942918,1.1247373819351196,-0.009917005896568298,0.00014486683695101596,0.0002594418304364448,0.008867359751904058,-0.9999607020229168,2.999964714050293
1743161015.661676,0.0016341464361175895,1.1261354684829712,-0.009722381830215454,0.00013146070234540063,0.00025069353997675945,0.008843968250980494,-0.9999609127571594,3.1999454498291016
1743161015.861631,0.0014825868420302868,1.1291275024414062,-0.011535242199897766,0.00015510339683971047,0.00024980767413642746,0.008859014675898946,-0.9999607020229168,3.399900436401367
1743161016.0617244,0.0007633055793121457,1.12977135181427,-0.01318255066871643,0.0001542410379513861,0.00025870439949923627,0.008856654452382262,-0.9999607863166138,3.599993944168091
1743161016.26171,-0.002902465406805277,1.1287137269973755,-0.016222894191741943,0.00010478708762237413,0.00029995165048783104,0.008850248131408722,-0.9999607863166138,3.7999794483184814
1743161016.4617157,-0.004254786763340235,1.127693772315979,0.006607905030250549,6.723516138762396e-05,0.0003163262670709999,0.008847171411467403,-0.9999608284634623,3.9999852180480957
1743161016.6616871,-0.00348861631937325,1.125167727470398,0.04103955626487732,2.402385799763935e-05,0.00027642075421350923,0.008863355801295603,-0.9999607441697653,4.199956655502319
1743161016.8616483,-0.002603051019832492,1.120231032371521,0.07076115906238556,-6.0857126958416114e-05,0.0002729616977365403,0.00887342889808962,-0.9999606177292197,4.399917840957642
1743161017.0616548,-4.20267169829458e-05,1.1152615547180176,0.09004826843738556,-0.00011186529377505695,0.0002472702249739855,0.008878823694699056,-0.9999606177292197,4.599924325942993
1743161017.2616425,0.0032282904721796513,1.110703468322754,0.09947498142719269,-0.00015189329848347197,0.0002188303398593202,0.008888348882462538,-0.9999605334355227,4.799911975860596
1743161017.4616277,0.006158445030450821,1.1060365438461304,0.10315115749835968,-0.00017313363290241877,0.0002170767078628678,0.008905629090351974,-0.9999602805544318,4.999897241592407
1743161017.6616478,0.009280051104724407,1.1030454635620117,0.10336454212665558,-0.00017695196656752402,0.0002126164167795746,0.008897410454892396,-0.9999604069949772,5.199917316436768
1743161017.8616467,0.011238311417400837,1.104265809059143,0.10088460147380829,-0.00014640302578261744,0.00022118289493382754,0.008894502322345177,-0.9999604491418257,5.399916172027588
1743161018.0616484,0.012846141122281551,1.1086244583129883,0.09631375968456268,-6.859280233949863e-05,0.0002108825385459222,0.008905249768715373,-0.9999603227012803,5.599917888641357
1743161018.2616725,0.015142329037189484,1.1111773252487183,0.08921213448047638,-3.837673265142194e-05,0.0001669143308518329,0.008920464781027815,-0.9999601962607347,5.7999420166015625
1743161018.4616954,0.018431968986988068,1.1109405755996704,0.08210651576519012,-6.567159150990871e-05,0.00014774426486058296,0.008920380487330848,-0.9999601962607347,5.999964952468872
1743161018.6616316,0.021085064858198166,1.1094260215759277,0.07577835023403168,-9.453377086275744e-05,0.0001299161633751117,0.008929147031821072,-0.9999601119670376,6.199901103973389
1743161018.861613,0.022782200947403908,1.1073260307312012,0.0692862719297409,-0.0001089008723932294,0.00013501644010172802,0.00890824219495967,-0.9999603648481287,6.399882555007935
1743161019.0616274,0.02370741404592991,1.1059046983718872,0.06361527740955353,-0.00010388134454202547,0.00014842308790902046,0.00890879010399026,-0.9999603227012801,6.5998969078063965
1743161019.2616112,0.023450644686818123,1.1047468185424805,0.05818922817707062,-9.660898866402212e-05,0.00017811320433745406,0.00890428039119967,-0.9999603648481288,6.799880743026733
1743161019.4616344,0.022576671093702316,1.1037640571594238,0.05168808996677399,-9.197341155426825e-05,0.00019243354277676054,0.00890187802083453,-0.9999604069949772,6.999903917312622
1743161019.661626,0.021462759003043175,1.103599190711975,0.04323257505893707,-8.346444542956599e-05,0.00020658843734307325,0.008899686384711947,-0.9999604069949772,7.199895620346069
1743161019.8616192,0.020758526399731636,1.1047523021697998,0.03498770296573639,-5.930830744882529e-05,0.00023048527342379576,0.008892226392525515,-0.9999604491418258,7.399888753890991
1743161020.0615914,0.018487153574824333,1.1073530912399292,0.027633503079414368,-3.321608977364711e-05,0.0002558388511152078,0.008877643582940742,-0.9999606177292198,7.599860906600952
1743161020.2616038,0.015443189069628716,1.1079529523849487,0.021640479564666748,-1.710804994935807e-05,0.0002791321054299693,0.008869467094329675,-0.9999607020229169,7.799873352050781
1743161020.4615974,0.013637016527354717,1.1052429676055908,0.01504942774772644,-4.6779657675702086e-05,0.0002888792844311692,0.008877137820758663,-0.9999605334355228,7.999866962432861
1743161020.6615736,0.0134230712428689,1.0993326902389526,0.007290542125701904,-0.00010437877973754551,0.00026886033398961363,0.008898379832408154,-0.9999604491418257,8.199843168258667
1743161020.8617017,0.012668710201978683,1.0936689376831055,0.00047503411769866943,-0.00014137681859229253,0.00025422930659915044,0.008918821053935877,-0.9999601541138863,8.39997124671936
1743161021.0617514,0.01133799273520708,1.0891005992889404,-0.006156474351882935,-0.00016985734567837043,0.0002562708357329286,0.008926744661455932,-0.9999601541138861,8.60002088546753
1743161021.261625,0.010144123807549477,1.0846949815750122,-0.01527617871761322,-0.00017340753082407094,0.00025238289957269644,0.008931127933701044,-0.9999600698201891,8.799894571304321
1743161021.461643,0.009210433810949326,1.0821938514709473,-0.02108001708984375,-0.00015255333243391608,0.0002665660009379546,0.008917261620540962,-0.9999601962607347,8.99991250038147
1743161021.6616182,0.007895015180110931,1.0787006616592407,-0.027046605944633484,-0.00013509859481519718,0.00025248814578931794,0.008904364684896637,-0.9999603648481288,9.199887752532959
1743161021.861616,0.006718074902892113,1.0741060972213745,-0.033346012234687805,-0.00015045755826873232,0.0002363144804613447,0.008905418356109418,-0.9999603227012803,9.399885416030884
1743161022.0616524,0.0049196816980838776,1.0712350606918335,-0.039562299847602844,-0.00013631169039257003,0.00022498336043427476,0.008916798005207394,-0.9999602384075832,9.599921941757202
1743161022.2616136,0.003600181546062231,1.0687161684036255,-0.04640156030654907,-0.00013898548399255924,0.000247655380903334,0.008902046608228575,-0.9999604069949772,9.799883127212524
1743161022.4616556,0.004108928143978119,1.0670561790466309,-0.05391882359981537,-0.00013540893905946303,0.00023106420607461815,0.008916587270964837,-0.9999602805544316,9.999925136566162
1743161022.6616423,0.005944742355495691,1.0659098625183105,-0.06142643094062805,-0.00012497475150738662,0.00020308314641125287,0.00894305549182961,-0.9999600276733407,10.199911832809448
1743161022.8616502,0.006207356229424477,1.0632017850875854,-0.06918933987617493,-0.00011641626592261142,0.00019529505500323814,0.008962738070084242,-0.9999598169390982,10.399919748306274
1743161023.0616512,0.004541216883808374,1.0596340894699097,-0.07584002614021301,-0.00014706155485596327,0.00023506963840829603,0.0089354690590977,-0.9999601119670377,10.599920749664307
1743161023.2616618,0.00027797548682428896,1.0569360256195068,-0.08219356089830399,-0.00016970144041098448,0.00028524777675605127,0.00892307788563551,-0.9999601962607347,10.799931287765503
1743161023.461593,-0.006033911369740963,1.0565239191055298,-0.08881151676177979,-0.0001360148977595075,0.0003780742092433766,0.008898717007196189,-0.9999603648481287,10.999862432479858
1743161023.6615932,-0.01212200615555048,1.055235743522644,-0.09582585096359253,-0.0001207671125680447,0.00043468258196223387,0.008889655434766386,-0.9999604069949772,11.199862718582153
1743161023.8616135,-0.018176916986703873,1.0545769929885864,-0.10286960750818253,-0.00012394048420564434,0.00045939889950995634,0.008913889872660063,-0.9999601962607347,11.399883031845093
1743161024.0617132,-0.025498468428850174,1.05342435836792,-0.10918650031089783,-0.0001258524652869928,0.0005382154201203045,0.00888156323985223,-0.9999604069949772,11.599982738494873
1743161024.2616968,-0.03169947862625122,1.0527467727661133,-0.11454547941684723,-0.00010213414107184432,0.0005680504292026918,0.008861922808446165,-0.9999605755823713,11.79996633529663
1743161024.461753,-0.03303546831011772,1.051870584487915,-0.11950162798166275,-9.577583210872349e-05,0.0005329377209562357,0.008845232656435886,-0.9999607441697653,12.000022411346436
1743161024.661698,-0.032542645931243896,1.051072359085083,-0.12474484741687775,-0.00011050895447743995,0.00047753671756445927,0.008871700877300714,-0.9999605755823713,12.199967622756958
1743161024.8616893,-0.031139692291617393,1.050818681716919,-0.11945736408233643,-8.307732415645147e-05,0.00046684253098126436,0.008894038707011553,-0.9999604069949772,12.399958848953247
1743161025.061707,-0.03119802474975586,1.0514817237854004,-0.10877679288387299,-3.2863058468578666e-05,0.00047166155389552315,0.008902594517259166,-0.9999602805544316,12.599976539611816
1743161025.261718,-0.0334794782102108,1.0516306161880493,-0.09642799198627472,1.886273150124152e-05,0.0005257257119360947,0.008909548747263463,-0.9999602384075832,12.799987554550171
1743161025.4617229,-0.03562954068183899,1.052954912185669,-0.08393064141273499,2.7950933824625294e-05,0.0005537711057385231,0.008919579697209079,-0.9999600698201891,12.999992370605469
1743161025.6616824,-0.03543594479560852,1.0543711185455322,-0.07354655861854553,6.94118053328759e-05,0.0005365382101560518,0.008936607024007448,-0.999959985526492,13.199951887130737
1743161025.861686,-0.031337298452854156,1.0561941862106323,-0.06786713004112244,0.00010151259853352529,0.000452263652084027,0.008925100934363994,-0.9999601119670376,13.39995551109314
1743161026.0617266,-0.025028448551893234,1.0575056076049805,-0.06582680344581604,8.14510484941096e-05,0.0003562195659858192,0.008963749594448511,-0.9999598169390982,13.599996089935303
1743161026.2616477,-0.016311831772327423,1.060690999031067,-0.06609280407428741,8.67500165878346e-05,0.00026400041957731226,0.009008298813324489,-0.9999593533237644,13.799917221069336
1743161026.4616296,-0.010398536920547485,1.0637720823287964,-0.03958311676979065,0.00010090068206363513,0.00023244121235105209,0.009022291567030105,-0.9999592690300674,13.99989914894104
1743161026.6616251,-0.007819102145731449,1.0656887292861938,0.004452228546142578,9.719124490677959e-05,0.0002319203653837854,0.009033165453946002,-0.9999591847363705,14.199894666671753
1743161026.861632,-0.0063810027204453945,1.0681804418563843,0.04265749454498291,0.00012467249244054132,0.00023368149861377404,0.009026169077093138,-0.9999592690300674,14.399901628494263
1743161027.0616627,-0.00587890949100256,1.0698827505111694,0.07228390872478485,0.00014552214790256688,0.00022991391146237573,0.00901521089648033,-0.9999593533237645,14.599932193756104
1743161027.2616475,-0.009517928585410118,1.0713099241256714,0.09334324300289154,0.00015925413084522,0.0002826418286750212,0.008986677480038396,-0.9999596483517041,14.799916982650757
1743161027.461642,-0.013437042012810707,1.0738927125930786,0.10644064843654633,0.00017359784246968085,0.0003335841616203797,0.008950852658804187,-0.9999599012327951,14.999911546707153
1743161027.6616185,-0.014525670558214188,1.0773402452468872,0.11410664021968842,0.00018549437697808316,0.0003160470287649784,0.008943603400860256,-0.9999599855264921,15.199887990951538
1743161027.8616183,-0.013770769350230694,1.079764723777771,0.1180434376001358,0.00017734757946349757,0.0002612326084590506,0.008938545779038964,-0.9999600698201891,15.399887800216675
1743161028.0615997,-0.014109943062067032,1.0787118673324585,0.12219633162021637,0.00013340646984693596,0.00023934449776380238,0.008940863855707137,-0.9999600276733407,15.59986925125122
1743161028.261624,-0.016202040016651154,1.0744000673294067,0.12668593227863312,6.220339772801292e-05,0.0002599228251712206,0.008924932346970005,-0.9999601962607347,15.799893617630005
1743161028.4616225,-0.018890786916017532,1.0686299800872803,0.12793083488941193,-1.5782132321082496e-05,0.0002828912421176617,0.008907146376898434,-0.9999603648481288,15.999891996383667
1743161028.6616087,-0.02034473605453968,1.0622724294662476,0.12523286044597626,-9.460297462976426e-05,0.0002874029305418513,0.008920717662118938,-0.9999601962607347,16.199878215789795
1743161028.8616152,-0.02018318511545658,1.0568333864212036,0.12119020521640778,-0.00015178607148844757,0.0002794836550098948,0.0089352583248552,-0.9999600698201891,16.399884700775146
1743161029.0615916,-0.018740439787507057,1.0532875061035156,0.11851681768894196,-0.00014174208956442729,0.0002687433548765042,0.008921602745937673,-0.9999601541138862,16.59986114501953
1743161029.2615929,-0.0170254148542881,1.052223563194275,0.11561216413974762,-0.00011439610089875042,0.0002781234261837775,0.008915238571812478,-0.9999602805544316,16.799862384796143
1743161029.4616191,-0.01688339374959469,1.0533626079559326,0.11228115856647491,-0.00011359375187871595,0.0002997884240576728,0.008913131229386972,-0.9999602805544316,16.99988865852356
1743161029.661608,-0.016037847846746445,1.0572584867477417,0.10757268965244293,-7.578958251789253e-05,0.0003134326533721977,0.008907441404837957,-0.9999603227012801,17.199877500534058
1743161029.861673,-0.015433503314852715,1.0618770122528076,0.10031433403491974,-4.110065795208138e-05,0.0003094811085008371,0.008895724580951947,-0.9999604069949772,17.399942636489868
1743161030.0616157,-0.015368305146694183,1.0640591382980347,0.09375827014446259,-4.090120128422608e-05,0.00030965866856380196,0.008894670909739166,-0.9999604491418257,17.59988522529602
1743161030.2616453,-0.014967571943998337,1.062235713005066,0.08794929087162018,-0.00012630307436658,0.00030682979802194074,0.008912667614053349,-0.9999602384075832,17.799914836883545
1743161030.4616141,-0.015782596543431282,1.05796217918396,0.08268190920352936,-0.00021107673714735011,0.00032984056761205146,0.00891325766993245,-0.9999602384075832,17.9998836517334
1743161030.661712,-0.01910848543047905,1.0528404712677002,0.07632140815258026,-0.00025765250326958674,0.00036010657349539756,0.008899307063075346,-0.9999602805544316,18.199981451034546
1743161030.8616328,-0.02404850535094738,1.0480682849884033,0.06774882972240448,-0.0002819366715634614,0.00041297957886739743,0.008885693631006275,-0.9999604069949772,18.39990234375
1743161031.061654,-0.02793002873659134,1.0443060398101807,0.05986090004444122,-0.000255494020747094,0.0004338194564869431,0.0088908355465247,-0.9999604069949772,18.599923610687256
1743161031.2616677,-0.03157539665699005,1.0390480756759644,0.05065397918224335,-0.0002766682434712941,0.0004263240675332108,0.008891594189797847,-0.9999604069949772,18.79993724822998
1743161031.4616017,-0.03495937958359718,1.034804344177246,0.060369983315467834,-0.00025724148917854203,0.00046420381516608324,0.008869930709663243,-0.9999604912886741,18.999871253967285
1743161031.6615717,-0.03563230484724045,1.0305269956588745,0.0866582840681076,-0.000255669245035007,0.0004666158681934231,0.008868202688874283,-0.9999605334355227,19.199841260910034
1743161031.8616047,-0.032026275992393494,1.028731107711792,0.11079688370227814,-0.00022906229765365583,0.00039721365291500537,0.008898632713499222,-0.9999603648481288,19.399874210357666
1743161032.0615892,-0.027307139709591866,1.0309412479400635,0.1279629021883011,-4.5660800845851324e-06,0.0002973485475248706,0.008861838514749198,-0.9999607441697653,19.59985876083374
1743161032.261593,-0.02252277173101902,1.0379725694656372,0.1457144170999527,0.007796738755949141,-0.003421885673078346,0.008542829018370224,-0.9999273217188962,19.79986262321472
1743161032.4616406,-0.015197217464447021,1.0525959730148315,0.1865624338388443,0.0065384627036303685,-0.00254346006859753,0.00841044576719746,-0.9999400079202979,19.99991011619568
1743161032.6615655,-0.0058585829101502895,1.0744075775146484,0.2634361982345581,-1.2696940050345629e-05,-3.0788359013870096e-05,0.008335424376848144,-0.9999652960294045,20.199835062026978
1743161032.8615994,0.002375213196501136,1.09274160861969,0.356440007686615,-0.0027229357552180284,0.0012343747556280444,0.008268537328261272,-0.999961376372493,20.399868965148926
1743161033.061611,0.012131216935813427,1.1109747886657715,0.4989376664161682,-0.004393905434031061,0.0023316311604347872,0.008314941008471799,-0.9999530734433363,20.59988045692444
1743161033.261604,0.0178710725158453,1.1212023496627808,0.6745496392250061,-0.004899806898325228,0.002931246800937434,0.008416009151200998,-0.9999482687026061,20.79987359046936
1743161033.461625,0.020397966727614403,1.1235644817352295,0.8745831251144409,-0.0043388515247540236,0.0027862319252390366,0.008559392729835025,-0.9999501231639405,20.999894618988037
1743161033.6616151,0.021614834666252136,1.120723009109497,1.0790326595306396,-0.0032566691625759737,0.002504959128278109,0.008680227744515712,-0.9999539585271551,21.19988465309143
1743161033.8616157,0.0232542771846056,1.1167421340942383,1.2900992631912231,-0.002348370453756448,0.002318380506644043,0.008791664011978506,-0.9999559815758836,21.399885177612305
1743161034.0616257,0.023966923356056213,1.1097958087921143,1.5101006031036377,-0.0015602242245390421,0.002259348080467651,0.00885345129189552,-0.9999570773939448,21.599895238876343
1743161034.2617233,0.023227958008646965,1.0987170934677124,1.7388828992843628,-0.0004981951764616922,0.002039872565068409,0.008895429553012313,-0.9999582575057031,21.79999279975891
1743161034.4618912,0.020000971853733063,1.085647702217102,1.975441813468933,0.0007574456276903216,0.0016760729048415767,0.037920784010706754,-0.9992791031887986,22.000160694122314
1743161034.6617358,0.015007821843028069,1.0724881887435913,2.2203123569488525,0.0017929229020683798,0.0011588813535025541,0.03725385227987038,-0.9993035483609349,22.200005292892456
1743161034.8617036,0.009685623459517956,1.0616008043289185,2.474396228790283,0.0024808122356448723,0.0006778306424435599,0.03658021920012078,-0.9993274456240406,22.399973154067993
1743161035.0616806,0.003292060922831297,1.0548981428146362,2.736396551132202,0.0026866744012931593,0.00018575647254737924,0.03617560945441617,-0.9993418598462314,22.599950075149536
1743161035.2616963,-0.004534343257546425,1.0524297952651978,3.0029101371765137,0.002269858862405371,-0.00022758425624403824,0.03586481859349688,-0.9993540824322995,22.799965858459473
1743161035.461682,-0.01328885555267334,1.0522775650024414,3.273792028427124,0.0017499508972889832,-0.0008982468886723379,0.03544950354827053,-0.9993695924725515,22.999951601028442
1743161035.6617625,-0.01992587372660637,1.054924488067627,3.547940492630005,0.0013060934230790249,-0.0012755488914552766,0.03553299645517061,-0.9993668529273982,23.200031995773315
1743161035.8617294,-0.025176215916872025,1.061148762702942,3.8261148929595947,0.000480583226776449,-0.001303578810747987,0.03581731909522501,-0.999357412033332,23.399998903274536
1743161036.0617232,-0.030325431376695633,1.068864345550537,4.107896327972412,-0.0003662368922917834,-0.0013573171538932341,0.035674525572470195,-0.9993625539488502,23.599992752075195
1743161036.2616963,-0.03341924026608467,1.0738905668258667,4.324106216430664,-0.0009736548858069468,-0.0014032913807664601,0.03552144821867864,-0.9993675272769744,23.799965858459473
1743161036.4616828,-0.03503628447651863,1.0797843933105469,4.6129889488220215,-0.0010625782844867065,-0.0014071937817539124,0.03566154434312879,-0.9993623853614562,23.99995231628418
1743161036.6617167,-0.0331876277923584,1.08559250831604,4.907750129699707,-0.001076916071783035,-0.0009921594848555616,0.036086553163512614,-0.9993476339644773,24.199986219406128
1743161036.8616612,-0.028464721515774727,1.0899932384490967,5.205905914306641,-0.0013015130389445089,-0.00022326593295100464,0.03648926630103422,-0.9993331775954382,24.399930715560913
1743161037.0616927,-0.02390994317829609,1.0939247608184814,5.504995822906494,-0.0013000124629650067,0.00046643752610885336,0.036402022324616645,-0.9993362964622279,24.59996223449707
1743161037.2616808,-0.02083439752459526,1.0974113941192627,5.80540132522583,-0.0015536403846614548,0.0006430894150381542,0.03590477380588519,-0.9993538295512084,24.79995036125183
1743161037.4616933,-0.019377442076802254,1.0991015434265137,6.1355438232421875,-0.0014637810398894825,0.0006805620381084821,0.03550842484248873,-0.999368075186005,24.99996280670166
1743161037.661691,-0.021818839013576508,1.097468376159668,6.439529895782471,-0.0010957715515773096,0.0003382864935347497,0.035845262455787785,-0.9993566955369071,25.199960470199585
1743161037.8616765,-0.025411901995539665,1.0929758548736572,6.743188381195068,-0.00037486518359440476,-0.0001955808453125065,0.03622981030160116,-0.9993434614264748,25.399945974349976
1743161038.0617502,-0.026917822659015656,1.0881738662719727,7.042431831359863,0.00035747172148432,-0.00040259351394063427,0.036088829093332275,-0.9993484769014476,25.600019693374634
1743161038.2617226,-0.02673066221177578,1.0826958417892456,7.340487480163574,0.0006469501116366867,-0.0002872964418368393,0.03564106097475245,-0.9993644084101847,25.799992084503174
1743161038.4616966,-0.024726858362555504,1.0780311822891235,7.6395721435546875,0.0009599476111456584,8.586354365178262e-05,0.03505205876681278,-0.9993850182191064,25.999966144561768
1743161038.6617472,-0.02326956018805504,1.0738184452056885,7.920586585998535,0.0010247441307713722,0.0003865536283281604,0.03487162810833766,-0.9993912138058376,26.200016736984253
1743161038.8617258,-0.022275395691394806,1.0712840557098389,8.177227973937988,0.001105886342470693,0.0003801099555331923,0.03505774859136168,-0.9993846388974699,26.39999532699585
1743161039.061706,-0.019056489691138268,1.071778655052185,8.41481876373291,0.0008239655274241521,0.0005201286701344422,0.03526793492488556,-0.9993774317863745,26.5999755859375
1743161039.2617059,-0.01294151321053505,1.0752404928207397,8.63471508026123,0.00019668934035568656,0.0009991424515814564,0.03547184137798132,-0.9993701825284307,26.799975395202637
1743161039.4616919,-0.006369244772940874,1.0778999328613281,8.837501525878906,-0.0005022228758315479,0.0015763105323946876,0.035666138349616516,-0.9993624275083046,26.999961376190186
1743161039.661733,-0.001463205204345286,1.0775929689407349,9.025321960449219,-0.0006173763800877237,0.0018206098830223384,0.035709549603582746,-0.9993604044595761,27.200002431869507
1743161039.8616726,-0.00015169868129305542,1.076253056526184,9.197264671325684,-0.00013374800234738975,0.0018851105721073565,0.03572362665098533,-0.999359982991091,27.39994215965271
1743161040.0617113,-0.00445531914010644,1.0775938034057617,9.351264953613281,-8.058691462188918e-06,0.0011710277953619784,0.03592277051019932,-0.999353871698057,27.59998083114624
1743161040.2616613,-0.010410905815660954,1.079023003578186,9.468382835388184,-0.0018834459773862174,-0.001973902745504025,0.03600213302594535,-0.9993480132861139,27.799930810928345
1743161040.4616396,-0.012522575445473194,1.0779398679733276,9.528170585632324,-0.032383771422090785,-0.028705741076001576,0.03623263414045136,-0.998405989075047,27.999909162521362
1743161040.6616468,0.007566175889223814,1.0495967864990234,9.544463157653809,-0.07907674957639743,-0.03734498430306291,0.0377541353716947,-0.9954530965746766,28.19991636276245
1743161040.8617208,0.0583975687623024,0.9566700458526611,9.522937774658203,-0.09763956509139143,-0.03780926871790286,0.03808102632874516,-0.9937740504236997,28.39999032020569
1743161041.061779,0.14153669774532318,0.7840949892997742,9.483776092529297,-0.05485196199385333,-0.02997978169602469,0.02959442120628863,-0.9976054518344311,28.600048542022705
1743161041.2616665,0.24570158123970032,0.5785747766494751,9.463292121887207,-0.012756707152437199,0.004840124985200401,0.01744635076629658,-0.9997547725210926,28.799936056137085
1743161041.4616454,0.34612682461738586,0.3872860372066498,9.484136581420898,0.02698636895207838,0.014411163910030746,0.006167938398478346,-0.999512933904337,28.99991488456726
1743161041.661662,0.4299040734767914,0.22441543638706207,9.52291202545166,0.05534250916367175,0.019284618491324595,0.014853560939603385,-0.998170641072962,29.199931621551514
1743161041.8616934,0.4919735789299011,0.1065751388669014,9.516744613647461,0.03712008345105285,0.021530001065365584,0.034387571553190055,-0.9984868688773394,29.399962902069092
1743161042.0616848,0.5339176654815674,0.023850232362747192,9.476200103759766,0.01619116022137236,0.015768352462529337,0.05152372151444634,-0.998416062171841,29.59995436668396
1743161042.2616258,0.564421534538269,-0.04181915149092674,9.420244216918945,0.008789283867490531,0.006924371760941762,0.05931266985350209,-0.9981767945128447,29.79989528656006
1743161042.46163,0.5906209349632263,-0.10000235587358475,9.365270614624023,0.005831615334814678,0.005514491457157233,0.056757812190468715,-0.9983557500316219,29.9998996257782
1743161042.6616447,0.6158530116081238,-0.15572600066661835,9.318214416503906,0.0038022273951193756,0.0031564286868164073,0.048191507377478016,-0.998825898126761,30.19991421699524
1743161042.8616083,0.6384612917900085,-0.21091431379318237,9.279888153076172,0.0029655635552484124,0.003615270395934003,0.038491663073786875,-0.9992480409614461,30.399877786636353
1743161043.0616472,0.6559478640556335,-0.26316702365875244,9.25118637084961,0.003451914808734096,0.0019868294391284314,0.031258505226044175,-0.9995034508634221,30.599916696548462
1743161043.261746,0.6707421541213989,-0.31040245294570923,9.227872848510742,0.00394260570589126,0.0018474789516973828,0.02850500946597906,-0.9995842463720175,30.800015449523926
1743161043.4616468,0.6834485530853271,-0.352769136428833,9.210121154785156,0.00419703618754778,0.0005718622700305373,0.029609130456418886,-0.9995525940887857,30.999916315078735
1743161043.6616228,0.6955419182777405,-0.39099374413490295,9.198680877685547,0.004379386173991433,0.0009548743900513184,0.03269116090062646,-0.9994554877498167,31.199892282485962
1743161043.8616118,0.7078543901443481,-0.4251234531402588,9.190115928649902,0.004371522164749357,0.0003444708026911517,0.035898493925457076,-0.9993458637968399,31.39988136291504
1743161044.0616095,0.7208121418952942,-0.4543056786060333,9.184099197387695,0.004129501131165136,0.00077690372458575,0.03793819065914178,-0.9992713060218241,31.599879026412964
1743161044.2616227,0.735480785369873,-0.4817887842655182,9.181673049926758,0.00380694792447066,0.001117419062007708,0.038340060859693104,-0.9992569339464819,31.79989218711853
1743161044.4616256,0.74990314245224,-0.5082573890686035,9.182435035705566,0.003866563571554494,0.0015246732755021587,0.037517775845245516,-0.9992873639711068,31.999895095825195
1743161044.66159,0.7609856724739075,-0.5339581966400146,9.183557510375977,0.004012132036229916,0.001669861101451966,0.035912444532314125,-0.9993455687689003,32.199859619140625
1743161044.8615897,0.7682592868804932,-0.5586145520210266,9.18614673614502,0.004412903290633595,0.0015622310566091755,0.034363674290084356,-0.9993984630637816,32.39985918998718
1743161045.0615842,0.7730657458305359,-0.5794307589530945,9.19125747680664,0.004692805615314378,0.0010422951856692618,0.033693707986155175,-0.9994206323060981,32.59985375404358
1743161045.2615795,0.7769829630851746,-0.595137357711792,9.199090957641602,0.004469561332014015,0.0007139066984076151,0.033911607192956494,-0.9994145631599126,32.79984903335571
1743161045.4615643,0.7793699502944946,-0.6071357131004333,9.205854415893555,0.004267156854304891,0.0002590435859349981,0.0343470684317711,-0.9994008232872982,32.999833822250366
1743161045.6617198,0.7838778495788574,-0.6148381233215332,9.20992374420166,0.003865781056042884,0.00020535821446361193,0.03518309331883307,-0.999373427835766,33.199989318847656
1743161045.8616545,0.7868191599845886,-0.6174243092536926,9.21341609954834,0.0032345893588353537,0.00036491548157760196,0.03580880543182591,-0.9993534502295718,33.3999240398407
1743161046.0615935,0.7887185215950012,-0.6190987229347229,9.217867851257324,0.002207496755450995,0.00021846283858215074,0.03601882317795563,-0.9993486876356901,33.599863052368164
1743161046.2616153,0.7905228137969971,-0.6191710829734802,9.224749565124512,0.0012071035632128112,-0.0004744738682167437,0.03580775176061313,-0.9993578756486654,33.79988479614258
1743161046.4615867,0.7896103858947754,-0.6158075928688049,9.242191314697266,0.00100765006460299,-0.00021399058051025884,0.03551980449158665,-0.9993684123607931,33.9998562335968
1743161046.6615932,0.7880220413208008,-0.6113730072975159,9.281116485595703,-0.00021313661291953213,-0.0005813667136418794,0.03513146342940732,-0.9993825737018929,34.19986271858215
1743161046.8616025,0.7872511744499207,-0.6088523268699646,9.287375450134277,-0.0003230824501041599,-0.0008288608900524291,0.034979439746828545,-0.9993876734705627,34.399872064590454
1743161047.0615897,0.7873936891555786,-0.6050792932510376,9.264429092407227,-0.00028836972532823987,-0.0008406880407230606,0.03503195472007303,-0.9993858190092282,34.5998592376709
1743161047.2616773,0.7901403307914734,-0.6013836860656738,9.23125171661377,-0.0005149253710650207,-0.0006447995779520826,0.0352665862257332,-0.9993776003737685,34.799946784973145
1743161047.4616222,0.7945287823677063,-0.5965240597724915,9.197344779968262,-0.0008019219127619595,-0.00021004449950036273,0.035491397515690304,-0.9993696767662485,34.99989175796509
1743161047.6616273,0.7999131679534912,-0.5904324054718018,9.168489456176758,-0.0013462426578566792,0.0002883566779152937,0.03558129674356403,-0.9993658414030341,35.199896812438965
1743161047.8616538,0.8048269748687744,-0.5862948894500732,9.146799087524414,-0.001668753800020707,0.0006573608977067746,0.03555786309579201,-0.9993660942841252,35.39992332458496
1743161048.0616484,0.8092250823974609,-0.5838754177093506,9.131394386291504,-0.0017347953597773096,0.0008140325051048478,0.035570802178284844,-0.9993653777877004,35.59991788864136
1743161048.2616804,0.813924252986908,-0.5866118669509888,9.121441841125488,-0.0012509524200044688,0.0009363266074610804,0.035651513393183176,-0.9993630597110323,35.79994988441467
1743161048.4616055,0.8196815848350525,-0.5902777314186096,9.11618423461914,-0.00026064516617829443,0.0011828239738612188,0.03564291543608694,-0.9993639026480026,35.99987506866455
1743161048.6616044,0.8245981335639954,-0.5899443030357361,9.115418434143066,-0.0001339552792312772,0.001439602578279015,0.03556717754931288,-0.9993662207246707,36.19987392425537
1743161048.8618288,0.8263212442398071,-0.5870827436447144,9.11683464050293,-0.0004976458680239727,0.0014574925983828738,0.035634865388021464,-0.9993636919137601,36.40009832382202
1743161049.0617788,0.8277792930603027,-0.5824881196022034,9.119283676147461,-0.0010427947534169966,0.001095448226803524,0.03566154434312885,-0.9993628068299413,36.600048303604126
1743161049.2617016,0.8281369805335999,-0.5788578987121582,9.122912406921387,-0.0015281717520416677,0.0009668191114961407,0.03564278899554141,-0.9993630175641839,36.79997110366821
1743161049.4617398,0.8299000859260559,-0.5766310691833496,9.126087188720703,-0.0016656257136077894,0.0008440915222175288,0.03554623056560302,-0.9993663471652161,37.000009298324585
1743161049.6616576,0.8320820927619934,-0.5749783515930176,9.13049030303955,-0.0016004981107306873,0.0009410860938359143,0.03546282195239997,-0.9993693395914605,37.19992709159851
1743161049.8617573,0.8349212408065796,-0.5743929147720337,9.137897491455078,-0.0014035687103223842,0.0010309839017230559,0.03543036887904655,-0.9993706882906128,37.40002679824829
1743161050.0616925,0.8371052742004395,-0.5784690380096436,9.148747444152832,-0.001226445622507864,0.0012573284170616017,0.03541245646842944,-0.9993712361996434,37.59996199607849
1743161050.2618213,0.8365299701690674,-0.5882139801979065,9.159687995910645,-0.00024208396574370618,0.0011230983086855197,0.03560936654467234,-0.9993651670534578,37.80009078979492
1743161050.461766,0.8342442512512207,-0.6004783511161804,9.17182445526123,0.0010483457382622387,0.0007304717166716548,0.035871604236107135,-0.9993555575719975,38.000035524368286
1743161050.6616964,0.8321164846420288,-0.6110867857933044,9.184883117675781,0.001991892329305802,0.00039410661934682515,0.03595286336003606,-0.9993514271808434,38.199965953826904
1743161050.861675,0.8315392136573792,-0.6211697459220886,9.197938919067383,0.0023997997366341085,0.00035334353748332965,0.03584290223227116,-0.9993545039007845,38.3999445438385
1743161051.0616648,0.8324222564697266,-0.6307989358901978,9.207846641540527,0.0026567663555089336,0.000456968396946633,0.035666054055919494,-0.9993601515784851,38.599934339523315
1743161051.2616658,0.8331694006919861,-0.6366509795188904,9.213807106018066,0.0029328761223682454,0.0006631667495662452,0.03555938038233841,-0.9993630597110323,38.79993534088135
1743161051.4616737,0.8343490362167358,-0.6409358382225037,9.216292381286621,0.0029113241008916217,0.0007118257800804533,0.03550648608745721,-0.9993649563192153,38.999943256378174
1743161051.6617067,0.8367503881454468,-0.6405071020126343,9.226476669311523,0.0022169845296545975,0.001046874333746488,0.03552401917643777,-0.9993658835498825,39.199976205825806
1743161051.861685,0.8351426124572754,-0.6377690434455872,9.23799991607666,0.0014507990079471263,0.0010233365742036223,0.035658004007853905,-0.9993624696551531,39.39995455741882
1743161052.061649,0.8311421275138855,-0.6326894164085388,9.247386932373047,0.0008739763337283321,0.0004991160480586463,0.035832196932749416,-0.9993573698864833,39.599918603897095
1743161052.26166,0.8272188901901245,-0.6248316168785095,9.254877090454102,8.345870888963566e-05,-0.00024115728557851625,0.035861404698767474,-0.9993568219774527,39.79992961883545
1743161052.4616675,0.8265682458877563,-0.6169193387031555,9.26069164276123,-0.0007818446502621736,-0.00047196457697689693,0.03577782749817032,-0.9993593929352118,39.99993705749512
1743161052.6617126,0.8302059769630432,-0.6115518808364868,9.266904830932617,-0.0012558745462932586,1.7827993443071924e-05,0.03563022923468523,-0.9993642819696391,40.19998216629028
1743161052.861659,0.8366124629974365,-0.6093379855155945,9.27323055267334,-0.0010267408788784892,0.0007928334017459556,0.03548794147411238,-0.9993692552977633,40.3999285697937
1743161053.0616493,0.8439283967018127,-0.6112697124481201,9.279929161071777,-0.0006565840621414274,0.0015666215316848648,0.03545038863208916,-0.9993700560878851,40.599918842315674
1743161053.2616737,0.8507909774780273,-0.6161729097366333,9.285172462463379,0.00025586306291563277,0.002116123375696139,0.03552157465922412,-0.9993666421931557,40.79994320869446
1743161053.4616692,0.8583072423934937,-0.6189025640487671,9.289814949035645,0.0009528126518329515,0.0025404413005730565,0.03554146797172125,-0.9993645348507302,40.99993872642517
1743161053.6616733,0.8666225671768188,-0.6174745559692383,9.296957015991211,0.0006113002780259076,0.002992754775664955,0.03551301884897634,-0.9993645769975787,41.19994282722473
1743161053.8616724,0.8724533915519714,-0.6130632758140564,9.302983283996582,1.74168558749323e-05,0.0033298591818078167,0.03553139487492718,-0.9993630597110323,41.39994192123413
1743161054.0616426,0.8721022605895996,-0.6075684428215027,9.30762004852295,-0.0005569892069537559,0.0029486114671600483,0.035672797551681235,-0.9993590557604237,41.59991216659546
1743161054.2616324,0.86830735206604,-0.602278470993042,9.313151359558105,-0.0008569981713932368,0.0020409815951788817,0.0357931689510283,-0.9993567798306042,41.79990196228027
1743161054.461665,0.8645378351211548,-0.597561776638031,9.31818675994873,-0.0011031969393077948,0.0012933685206114242,0.035745838040150524,-0.9993595193757574,41.99993443489075
1743161054.6616657,0.8626124262809753,-0.5959451794624329,9.322072982788086,-0.0011833567209334217,0.0010645149867116173,0.0355819289462917,-0.9993655463750946,42.1999351978302
1743161054.8616486,0.8609433770179749,-0.5966277122497559,9.32625961303711,-0.0007970410895615295,0.0010071293411128186,0.035415448894673685,-0.9993718684023711,42.39991807937622
1743161055.0616343,0.8602533340454102,-0.5966155529022217,9.331174850463867,-0.0005706501777044449,0.0011300100625690522,0.035401203259877,-0.9993723741645532,42.59990382194519
1743161055.2616496,0.8582925200462341,-0.5986160039901733,9.335626602172852,-0.00047048347950916984,0.0009652075913465592,0.03552928753250156,-0.9993681173328537,42.79991912841797
1743161055.4616675,0.8577542304992676,-0.6018804311752319,9.339008331298828,-9.294112727411366e-05,0.0009184839614027648,0.035609745866308884,-0.9993653777877005,42.99993705749512
1743161055.6616657,0.8572545051574707,-0.604888916015625,9.342268943786621,0.0002223740167331238,0.001022219620979536,0.03560093717497015,-0.999365588521943,43.1999351978302
1743161055.8616743,0.8566157221794128,-0.6083616018295288,9.343830108642578,0.0003782765470434527,0.001007745286022941,0.03558091742192743,-0.9993662207246707,43.399943828582764
1743161056.0617096,0.8552852869033813,-0.610402524471283,9.344096183776855,0.0005760719746387847,0.0009438724573877367,0.035579948044411724,-0.9993662628715192,43.59997916221619
1743161056.261655,0.8531547784805298,-0.6109046339988708,9.345382690429688,0.00037999473082381133,0.0009004597834349205,0.03557345742974105,-0.9993666000463073,43.79992461204529
1743161056.461664,0.8489187955856323,-0.6110786199569702,9.353248596191406,0.00011466700450096257,0.0005860925936674085,0.035580453806593804,-0.9993666843400043,43.99993348121643
1743161056.6616168,0.8435052037239075,-0.6135768890380859,9.356368064880371,0.0001000315267901915,5.6116578883185286e-05,0.03565475870051854,-0.9993641976759421,44.199886322021484
1743161056.8616195,0.8398411870002747,-0.617921769618988,9.358168601989746,0.0005537318194427169,-0.0001339210143373465,0.035690414934358816,-0.9993627646830927,44.39988899230957
1743161057.0615973,0.8383738994598389,-0.6237949132919312,9.360365867614746,0.0011181624352801255,-9.074599263384865e-05,0.035664958237858146,-0.9993631861515778,44.59986686706543
1743161057.2616048,0.837674081325531,-0.6278721690177917,9.363558769226074,0.001324102391498418,0.00018012390021157154,0.03562555093450043,-0.9993643241164877,44.7998743057251
1743161057.4616177,0.8371316194534302,-0.6321597695350647,9.368206977844238,0.0014359340737792338,0.000357489404433335,0.03561155818079487,-0.9993646612912757,44.999887228012085
1743161057.6615937,0.8352625370025635,-0.6361128687858582,9.370087623596191,0.0016281977892460588,0.000370597568228604,0.03559288712690456,-0.9993650406129123,45.19986319541931
1743161057.861633,0.8331019282341003,-0.6384658813476562,9.369208335876465,0.0017062193437376925,0.00023734915420852353,0.035597860455028774,-0.9993647034381243,45.39990258216858
1743161058.0616183,0.8323075175285339,-0.6412568092346191,9.366849899291992,0.001604144780364244,0.00015289543087129568,0.03563275804559585,-0.99936369191376,45.59988784790039
1743161058.2616289,0.8329069018363953,-0.646379828453064,9.36421012878418,0.001680370072392291,0.0003188516926512905,0.03569328092005747,-0.9993613316902433,45.79989838600159
1743161058.4615712,0.8343630433082581,-0.6536570191383362,9.360934257507324,0.0021643155804722506,0.0006017820872978426,0.03582380970989574,-0.9993556418656944,45.99984073638916
1743161058.6615942,0.8350693583488464,-0.6586795449256897,9.357545852661133,0.002886716103625705,0.0009051927222342763,0.03586873825040837,-0.9993520172367225,46.19986367225647
1743161058.861582,0.8359525203704834,-0.659887969493866,9.356366157531738,0.002609946392851331,0.0008616957751639542,0.035837676023055876,-0.9993539138449055,46.39985156059265
1743161059.0615213,0.8388243317604065,-0.6566715240478516,9.357613563537598,0.001996823963330926,0.0010188268408334407,0.03581757197631613,-0.9993558947467854,46.599790811538696
1743161059.261533,0.8426108360290527,-0.6482764482498169,9.361090660095215,0.0011086255995106787,0.0013698023757431012,0.03572232009868148,-0.9993602780190305,46.79980254173279
1743161059.4615154,0.8452619314193726,-0.6359688639640808,9.366076469421387,-0.00021059158535036924,0.0016587813370593477,0.03559499446933012,-0.9993649563192153,46.99978494644165
1743161059.6616583,0.8442029356956482,-0.6237902045249939,9.36970043182373,-0.001395149254801978,0.0014594712828200503,0.03543188616559301,-0.9993700982347337,47.19992780685425
1743161059.8615944,0.8393298387527466,-0.6154560446739197,9.372725486755371,-0.0019053797077232802,0.0008205911968140384,0.03536891877391768,-0.9993722055771592,47.399863958358765
1743161060.0616086,0.8327548503875732,-0.6116026639938354,9.375652313232422,-0.0015894970218272566,-1.8003207441108938e-05,0.03541346799279366,-0.9993714890807344,47.59987807273865
1743161060.2616284,0.8270009160041809,-0.6115520596504211,9.379073143005371,-0.001043948132384181,-0.0006061928537760659,0.035536747524687995,-0.99936765371752,47.79989790916443
1743161060.4615607,0.8231868743896484,-0.6131892800331116,9.38345718383789,-0.0004020468756950978,-0.0007567447511180669,0.035634865388021464,-0.9993645348507303,47.99983024597168
1743161060.6617403,0.8200364708900452,-0.613099217414856,9.388404846191406,-0.000114310073377518,-0.0007145837644797672,0.03565324141397208,-0.999363944794851,48.20000982284546
1743161060.8617709,0.8178893327713013,-0.6113826632499695,9.39177131652832,-0.00021994655993803376,-0.0008322799708198119,0.03565412649779087,-0.9993638183543054,48.4000403881073
1743161061.06177,0.8157711029052734,-0.6080767512321472,9.393383026123047,-0.00042991528566100576,-0.0008308353299644565,0.03563756278632618,-0.9993643662633362,48.6000394821167
1743161061.2616456,0.8145270347595215,-0.6049472093582153,9.39307975769043,-0.0008371675659671842,-0.0008006346010192445,0.035640934534206914,-0.9993640290885482,48.799915075302124
1743161061.4616961,0.816348135471344,-0.6043590903282166,9.392051696777344,-0.0009209161926453015,-0.0005968548778685137,0.035643716226208655,-0.999363944794851,48.99996566772461
1743161061.6617727,0.8220998644828796,-0.6051375269889832,9.391433715820312,-0.0003010842544336202,8.48773629613206e-05,0.035629049122926915,-0.9993651249066093,49.20004224777222
1743161061.8618114,0.8291103839874268,-0.6046718955039978,9.389880180358887,-0.0001556930925772154,0.0008926642422421593,0.035566671787130744,-0.9993668950742469,49.40008091926575
1743161062.0618055,0.8370720744132996,-0.6062961220741272,9.386316299438477,-0.00018885969890500303,0.0015138945482677522,0.035515758394129626,-0.9993679908923081,49.600075006484985
1743161062.2617924,0.846358060836792,-0.611321747303009,9.382533073425293,0.00025101222406983186,0.002143237793359438,0.03548958520120432,-0.9993677801580655,49.80006194114685
1743161062.4617178,0.855701744556427,-0.6165581941604614,9.380715370178223,0.000922044958511618,0.0028569014065254854,0.03547428589519486,-0.9993661364309736,49.99998736381531
1743161062.6617463,0.8627568483352661,-0.6211288571357727,9.379878997802734,0.00104541643968291,0.0032026908622757497,0.035473316517679154,-0.9993649984660637,50.20001578330994
1743161062.8617344,0.8679465055465698,-0.6244986057281494,9.379142761230469,0.0012548749992073542,0.0032294294979791816,0.0355672618430099,-0.9993613316902433,50.4000039100647
1743161063.0618172,0.8727273344993591,-0.6244853734970093,9.379298210144043,0.0010224602366791403,0.0031191360521919185,0.03563132505274652,-0.999359645816303,50.60008668899536
1743161063.261694,0.8748812675476074,-0.6238015294075012,9.379769325256348,0.0005562845643303329,0.003083661494317842,0.03570820090443039,-0.9993573698864833,50.79996347427368
1743161063.461708,0.873392641544342,-0.6233919858932495,9.3800048828125,0.00029729390891022265,0.002685224862513026,0.03577268558265201,-0.999356358362119,50.999977588653564
1743161063.6616976,0.8703478574752808,-0.6242961287498474,9.381542205810547,0.0003574475868570784,0.00210636975530647,0.03579190454557296,-0.9993570327116953,51.1999671459198
1743161063.8616924,0.8693931698799133,-0.6250118017196655,9.383123397827148,0.00047056668249196855,0.001713067301122014,0.03573542776856836,-0.9993597301099999,51.399961948394775
1743161064.061715,0.870335578918457,-0.6234779357910156,9.382457733154297,0.00043888501171161846,0.0019384702110014818,0.03569433459127025,-0.9993607837812126,51.59998440742493
1743161064.2616663,0.8677783012390137,-0.6219406723976135,9.380678176879883,9.304386021747705e-05,0.0018807900262266088,0.035640470918873346,-0.9993628911236383,51.799935817718506
1743161064.4617348,0.8612954616546631,-0.6198517680168152,9.379792213439941,-8.916145222957843e-05,0.001388858060785121,0.03561075739067315,-0.9993647877318212,52.000004291534424
1743161064.661694,0.8510782122612,-0.6181996464729309,9.378329277038574,-0.00020740869568667774,0.0004622380495199951,0.035594109385511385,-0.9993661785778221,52.19996356964111
1743161064.8616827,0.8394911885261536,-0.620076596736908,9.37568187713623,-2.56102814274921e-05,-0.0004357678530215117,0.035545851243966364,-0.9993679908923081,52.39995217323303
1743161065.0616605,0.829352617263794,-0.6237373948097229,9.371309280395508,0.00047790233324348315,-0.00125038598940954,0.03550985783533811,-0.9993684966544902,52.59993004798889
1743161065.2616553,0.8242199420928955,-0.627629816532135,9.366179466247559,0.000903540876523339,-0.0012073542320058023,0.03553497735705058,-0.9993673165427319,52.79992485046387
1743161065.4616878,0.8211430907249451,-0.6315130591392517,9.365151405334473,0.0011610829912698359,-0.0008499331412754713,0.03556507020688737,-0.9993663893120647,52.99995732307434
1743161065.6616468,0.818442165851593,-0.6346873044967651,9.365169525146484,0.001309813313343725,-0.0006251982219017728,0.035573120254952906,-0.9993660099904281,53.19991636276245
1743161065.8616505,0.8164899349212646,-0.6369407176971436,9.366519927978516,0.0013244180812719323,-0.00044064633015713194,0.03557379460452914,-0.9993660942841252,53.39991998672485
1743161066.0616868,0.8137248158454895,-0.6374514698982239,9.368020057678223,0.001310695701245874,-0.00033584650381449213,0.03558399414186869,-0.9993658414030341,53.59995627403259
1743161066.2616894,0.811922013759613,-0.6360499262809753,9.370320320129395,0.0012063092350590888,-0.00040687653821906374,0.03557299381440737,-0.9993663050183677,53.79995894432068
1743161066.4616747,0.809370219707489,-0.6314805150032043,9.378729820251465,0.0003692760751962416,-0.00048647757055406225,0.035533586511049764,-0.9993682859202477,53.99994421005249
1743161066.6616707,0.8092368841171265,-0.6289181113243103,9.396147727966309,1.427790347763235e-05,-0.0002419027836859475,0.03554370175469229,-0.9993681173328536,54.19994020462036
1743161066.8616402,0.8104297518730164,-0.6271291971206665,9.40167236328125,1.4080038667485466e-05,1.1473824017413817e-05,0.03561210608982546,-0.9993657149624886,54.39990973472595
1743161067.0616608,0.8127654194831848,-0.6239922046661377,9.38973331451416,-6.606279267204697e-05,0.00016594610064409068,0.03557510115683299,-0.9993669793679438,54.59993028640747
1743161067.2616394,0.816868245601654,-0.621390163898468,9.36833667755127,-0.000338618533733508,0.0005905005922008646,0.03556435371046274,-0.9993671901021863,54.79990887641907
1743161067.4616857,0.8199201822280884,-0.620995283126831,9.346317291259766,-0.00026554486079478104,0.0009628764878449117,0.0356406816531159,-0.9993641976759421,54.99995517730713
1743161067.661649,0.8213402032852173,-0.6207823753356934,9.32827377319336,6.834436642398199e-05,0.0010188117766278208,0.03568320782326334,-0.9993626382425472,55.19991850852966
1743161067.861668,0.8215911984443665,-0.6200663447380066,9.314465522766113,0.0001080992166457557,0.0008594272951291126,0.03566478965046421,-0.9993634390326689,55.39993762969971
1743161068.0616274,0.819573700428009,-0.6229459643363953,9.30463695526123,0.00032231734486309736,0.0006783560169043193,0.03566980512543694,-0.9993633968858204,55.5998969078064
1743161068.2616484,0.8162796497344971,-0.629258930683136,9.298812866210938,0.001027098118694672,0.00015475548983409293,0.035725143937531734,-0.9993611631028493,55.79991793632507
1743161068.4616184,0.8133624196052551,-0.6346913576126099,9.296282768249512,0.0017928595994775498,-0.0001294426853083895,0.035708327344975865,-0.9993606994875157,55.99988794326782
1743161068.6616454,0.811864972114563,-0.6363379955291748,9.296586036682129,0.0020365688119079847,-0.0002778712087819795,0.03566209225215944,-0.9993618374524256,56.19991493225098
1743161068.861661,0.8132063746452332,-0.6330207586288452,9.297436714172363,0.001408100731308376,-0.00011343095761839288,0.03559023187544835,-0.9993655042282459,56.399930477142334
1743161069.0616314,0.8157512545585632,-0.6260502338409424,9.297502517700195,0.0003347899918247598,0.000331441171132347,0.03547319007713362,-0.9993706039969157,56.59990096092224
1743161069.2616339,0.8175250887870789,-0.6168726086616516,9.295981407165527,-0.0006766016646246933,0.0005818303804244071,0.03541106562242857,-0.9993724584582502,56.79990339279175
1743161069.4615924,0.8158553242683411,-0.608669638633728,9.294330596923828,-0.0013059124043710555,0.0003987644634927554,0.035428935886197166,-0.9993712783464919,56.9998619556427
1743161069.6615884,0.8130919933319092,-0.6021978855133057,9.293726921081543,-0.0015962232307956655,-9.033823010631187e-05,0.03553518809129319,-0.9993671901021863,57.19985795021057
1743161069.8616037,0.8113425970077515,-0.598785936832428,9.295825958251953,-0.0016431567100628317,-0.00036840288633757017,0.03561606789358557,-0.9993641976759421,57.39987325668335
1743161070.06159,0.8108500242233276,-0.600054144859314,9.298413276672363,-0.0011210900566287927,-0.0005063052961341121,0.035700024415819265,-0.9993618374524255,57.59985947608948
1743161070.2615976,0.812873899936676,-0.6056177020072937,9.29835033416748,-0.00032680633408115934,-0.00023821999700214934,0.035719706994073896,-0.999361795305577,57.799867153167725
1743161070.461592,0.8149113059043884,-0.6135648488998413,9.295039176940918,0.0006238241893655005,0.0001223520131139621,0.03572889500704918,-0.9993613738370919,57.99986147880554
1743161070.6615944,0.8174787163734436,-0.620448887348175,9.292193412780762,0.0015066534398121647,0.00031910078711143485,0.03570179458345668,-0.9993613316902434,58.19986391067505
1743161070.8616204,0.8221897482872009,-0.6250672936439514,9.291339874267578,0.0015471706376199918,0.0006267881747188354,0.035619776816254556,-0.9993640290885482,58.39988994598389
1743161071.0616245,0.8299399614334106,-0.6296901702880859,9.293289184570312,0.0014241585674036894,0.001224787325118818,0.035557610214700885,-0.9993659256967311,58.59989404678345
1743161071.2616904,0.8351817727088928,-0.6326967477798462,9.295217514038086,0.0015797784534981195,0.0016658041534451757,0.03553202707765485,-0.9993659678435796,58.799959897994995
1743161071.4616182,0.8401246070861816,-0.6347496509552002,9.298439979553223,0.0017921283218155879,0.0019125747232083055,0.03556561811591802,-0.9993639869416995,58.99988770484924
1743161071.6616268,0.8431926965713501,-0.6327276229858398,9.301786422729492,0.0013970593682923792,0.0021235462424359294,0.035586227924839786,-0.9993634390326689,59.19989633560181
1743161071.8616087,0.8456149697303772,-0.6273574233055115,9.306061744689941,0.0006643926713268872,0.00192218559893099,0.03560658485267065,-0.9993638183543055,59.39987826347351
1743161072.061648,0.8479881882667542,-0.6188246607780457,9.312240600585938,-0.00031276739994191995,0.0017570001223385574,0.03564455916317888,-0.9993629332704868,59.5999174118042
1743161072.2616954,0.8513220548629761,-0.6090342402458191,9.320293426513672,-0.001293505569897272,0.0018046829223582288,0.035727757042139485,-0.9993591400541209,59.799964904785156
1743161072.4616323,0.8535702228546143,-0.601029634475708,9.32702922821045,-0.0018808917867876112,0.00203319548454927,0.035766194967981335,-0.9993564426558161,59.99990177154541
1743161072.6616092,0.8546901941299438,-0.5948394536972046,9.333551406860352,-0.0018763548614458606,0.0018504960231981358,0.03576471982828344,-0.9993567376837558,60.19987869262695
1743161072.8616238,0.8531026840209961,-0.5901452898979187,9.338441848754883,-0.0017663554467778736,0.0015883328386143568,0.035731213083717295,-0.9993586342919387,60.399893283843994
1743161073.0615976,0.8493703603744507,-0.5876678824424744,9.341300010681152,-0.001705873669609431,0.0010692417773806057,0.03568489369720379,-0.9993611209560008,60.59986710548401
1743161073.2616296,0.8436797261238098,-0.5879272818565369,9.344385147094727,-0.001417981327310872,0.0004960020586141027,0.03565505372845812,-0.9993630597110323,60.799899101257324
1743161073.4616215,0.8373505473136902,-0.589932918548584,9.346972465515137,-0.0009253221229374123,-0.00011122726189952377,0.035640470918873346,-0.9993642398227907,60.99989104270935
1743161073.6616464,0.8317405581474304,-0.5946354269981384,9.349504470825195,-0.0003786130066932451,-0.0005485904955853512,0.03561004089424846,-0.999365588521943,61.19991588592529
1743161073.8617513,0.8299359679222107,-0.6015471816062927,9.349949836730957,0.0003656311702562894,-0.0004936429721156265,0.035534176566928866,-0.9993682859202476,61.40002083778381
1743161074.061653,0.8286876082420349,-0.6076108813285828,9.349039077758789,0.000894344395077182,-0.00023415097396441956,0.03550631750006322,-0.9993690867103694,61.59992241859436
1743161074.2616487,0.8283376097679138,-0.6136105060577393,9.347570419311523,0.0013945026103991678,-2.4763207974583545e-05,0.0355356095597783,-0.9993674429832775,61.79991817474365
1743161074.4616356,0.8281315565109253,-0.6171039938926697,9.348834991455078,0.001422285080306784,0.0001971563718889414,0.0355871973023556,-0.999365588521943,61.99990510940552
1743161074.6616597,0.8287482261657715,-0.6180441379547119,9.34766960144043,0.0012918120609565651,0.00023415871186250605,0.035632673751898825,-0.9993641133822451,62.19992923736572
1743161074.8616302,0.8315500617027283,-0.615247368812561,9.348002433776855,0.0008320965661744568,0.0003920316484997511,0.03559385650442032,-0.9993659256967311,62.39989972114563
1743161075.0616415,0.8365527391433716,-0.6133247017860413,9.350239753723145,0.0003410508164250706,0.0008802673065155114,0.03558112815616998,-0.9993663471652162,62.59991097450256
1743161075.2616565,0.841681718826294,-0.6099106073379517,9.353012084960938,7.646146255228167e-05,0.0014697165838581123,0.03554783214584645,-0.9993669372210954,62.79992604255676
1743161075.4616187,0.8446082472801208,-0.6046172380447388,9.355685234069824,-0.00041181220582929876,0.0016074801848200812,0.035522923358376424,-0.999367569423823,62.9998881816864
1743161075.6616375,0.8467373251914978,-0.6004838347434998,9.358649253845215,-0.001047619106425867,0.001424863693645854,0.035524819966559484,-0.9993672743958835,63.199907064437866
1743161075.861622,0.8492391705513,-0.6011313199996948,9.362052917480469,-0.001052711857480772,0.0014812916766183135,0.03556768331149507,-0.9993656306687915,63.39989161491394
1743161076.0616155,0.8512923717498779,-0.6039274334907532,9.365693092346191,-0.0005554977682793023,0.001510356353262488,0.03561332834843234,-0.9993644084101847,63.59988498687744
1743161076.261701,0.8535608053207397,-0.6076196432113647,9.366656303405762,-4.093504429808325e-05,0.0016364148606624767,0.035649195316515114,-0.9993630175641838,63.799970626831055
1743161076.4616344,0.8556636571884155,-0.6115180850028992,9.365209579467773,0.0003174105914726658,0.001622479112215832,0.03564607644972534,-0.9993631861515779,63.99990391731262
1743161076.6616354,0.8593247532844543,-0.6141473650932312,9.365239143371582,0.0007733652414672642,0.0020381107527143944,0.03562921771032096,-0.9993627646830927,64.19990491867065
1743161076.8616233,0.8620896935462952,-0.6166907548904419,9.358623504638672,0.0007063327780213063,0.0022541454965365223,0.035603592426426356,-0.9993632704452748,64.39989280700684
1743161077.0615983,0.8646413683891296,-0.6184082627296448,9.35928726196289,0.0006521065768727394,0.002249013459185813,0.03554753711790681,-0.9993652934940034,64.59986782073975
1743161077.2616224,0.8639592528343201,-0.6203842759132385,9.366390228271484,0.0007460443289416803,0.0022908287305369378,0.03552060528170836,-0.999366094284125,64.79989194869995
1743161077.4616117,0.8597859740257263,-0.6220150589942932,9.369701385498047,0.0008042711056581789,0.0018175144357215974,0.035501934227818,-0.99936765371752,64.99988126754761
1743161077.6616037,0.8519889712333679,-0.621546745300293,9.366968154907227,0.0006478642948908622,0.0010391839950388772,0.03552701160268207,-0.9993679487454596,65.19987320899963
1743161077.8616884,0.8431847095489502,-0.6203025579452515,9.359930038452148,0.0003588459958300217,9.783922697823804e-05,0.035570296416102654,-0.9993671479553379,65.39995789527893
1743161078.061599,0.8368446230888367,-0.6190897822380066,9.350980758666992,6.632696677256644e-05,-0.000395644310483089,0.035641608883783094,-0.9993645348507303,65.59986853599548
1743161078.2616105,0.8308993577957153,-0.62092524766922,9.342500686645508,5.446558207727774e-05,-0.0005247631668194948,0.035679836075382554,-0.9993631440047294,65.799880027771
1743161078.4616828,0.8247143626213074,-0.6259089112281799,9.336456298828125,0.0006199007522541652,-0.0006512342870816677,0.03564173532432863,-0.9993642398227907,65.99995231628418
1743161078.6616514,0.8187242746353149,-0.6291249990463257,9.333471298217773,0.0010866466456874815,-0.0009587188391219503,0.03561880743873874,-0.9993644084101847,66.19992089271545
1743161078.861694,0.8147072196006775,-0.6317151784896851,9.332697868347168,0.001092989612621518,-0.0008972367637151558,0.035620071844194134,-0.9993644084101847,66.39996361732483
1743161079.0616949,0.8135318756103516,-0.634972333908081,9.332626342773438,0.0011687837843715112,-0.0007320985171116551,0.03564894243542405,-0.9993634390326689,66.59996438026428
1743161079.2616382,0.813927412033081,-0.6371958255767822,9.333436012268066,0.0012958354797871171,-0.0001889821881834881,0.03567317687331778,-0.9993626382425472,66.79990768432617
1743161079.4616616,0.8137314915657043,-0.637454092502594,9.333399772644043,0.0012621325301166095,5.954637643345953e-05,0.03566521111894927,-0.9993630175641839,66.99993109703064
1743161079.6616817,0.8137280344963074,-0.6357660293579102,9.33224868774414,0.0010252881502735133,0.0001495009220458671,0.03564080809366138,-0.9993641555290936,67.199951171875
1743161079.861636,0.8145571351051331,-0.6329727172851562,9.331377983093262,0.0006695652709033849,0.000245064064858089,0.03560780711127748,-0.9993656306687915,67.39990544319153
1743161080.0616674,0.8168661594390869,-0.6294880509376526,9.330192565917969,0.00038019170766000367,0.000494375649184786,0.035608228579762535,-0.9993656306687915,67.59993696212769
1743161080.2616103,0.8219782114028931,-0.6247624754905701,9.328657150268555,4.402328876891777e-06,0.0008405956386969024,0.035632800192444414,-0.9993645769975787,67.79987978935242
1743161080.461602,0.8281214237213135,-0.618268609046936,9.32656478881836,-0.00044277684511755106,0.0014950833890333528,0.03563861645753885,-0.9993635654732145,67.99987149238586
1743161080.6616292,0.8314218521118164,-0.6121479868888855,9.324710845947266,-0.0008070018839375062,0.001866338966702468,0.035617922354920006,-0.999363439032669,68.1998987197876
1743161080.8616116,0.8308854103088379,-0.6070045232772827,9.323451042175293,-0.0009837891655017452,0.0015665811752542352,0.03558218182738282,-0.9993650406129123,68.39988112449646
1743161081.0616312,0.8275192975997925,-0.6026545763015747,9.32303237915039,-0.0011166812760737331,0.0009633845652225783,0.035532448546139905,-0.999367485130126,68.59990072250366
1743161081.2616777,0.8244106769561768,-0.600241482257843,9.322887420654297,-0.0011689930574683206,0.0004411597890783177,0.035500374794423195,-0.9993689602698239,68.7999472618103
1743161081.4616768,0.822059154510498,-0.6006585955619812,9.322670936584473,-0.0007894653375983075,-3.547657466657323e-05,0.03553240639929145,-0.9993682859202477,68.9999463558197
1743161081.661604,0.8171608448028564,-0.5997360348701477,9.325235366821289,-0.00045117044762114016,2.7790866350152035e-05,0.03563140934644354,-0.9993649563192153,69.19987344741821
1743161081.8615847,0.8114058971405029,-0.5971010327339172,9.329524993896484,-0.0005747642390126662,-0.0005030580234550074,0.03575603757749024,-0.9993602780190306,69.39985418319702
1743161082.0615869,0.8055316209793091,-0.5959411859512329,9.334820747375488,-0.0007626750678895467,-0.0009847181248483182,0.03581580180867866,-0.9993576649144229,69.59985637664795
1743161082.2615836,0.8010067343711853,-0.5989189743995667,9.34128189086914,-0.0006491230409792056,-0.001335816704683392,0.03581108136164546,-0.9993574963270289,69.79985308647156
1743161082.4615684,0.8010003566741943,-0.6038382053375244,9.347114562988281,0.00014099104527758743,-0.0012832765832704197,0.03576181169573622,-0.9993595615226059,69.99983787536621
1743161082.6616719,0.8042561411857605,-0.6056998372077942,9.351058959960938,0.0006245740554751761,-0.0007578822529887541,0.035694503178664294,-0.999362301067759,70.19994139671326
1743161082.861665,0.8116011619567871,-0.6058170199394226,9.354251861572266,0.000473902858679651,0.00017971701231345982,0.035588250973568325,-0.9993664736057617,70.39993453025818
1743161083.0616918,0.821141242980957,-0.6050535440444946,9.355555534362793,1.5503372488924884e-05,0.0011489161756896966,0.03552385058904367,-0.9993681594797021,70.59996128082275
1743161083.261688,0.8309839963912964,-0.607265830039978,9.354900360107422,-4.6946814793393916e-05,0.002076087244651393,0.03554538762863274,-0.9993659256967311,70.7999575138092
1743161083.4616723,0.836171567440033,-0.6121672987937927,9.353703498840332,0.00045092674499427296,0.002380091886734027,0.03559048475653942,-0.9993635654732145,70.9999418258667
1743161083.661727,0.8391980528831482,-0.6181749701499939,9.353200912475586,0.0009326719735549986,0.00215547832476544,0.035630987877958376,-0.9993622589209107,71.19999647140503
1743161083.8616743,0.8416102528572083,-0.6240081191062927,9.352426528930664,0.0014161418272845515,0.0019816152689298666,0.03559554237836077,-0.9993633125921234,71.39994382858276
1743161084.0616667,0.8411401510238647,-0.6269649863243103,9.353503227233887,0.0015778774978924008,0.0017915865506255555,0.03554129938432721,-0.9993653777877004,71.59993624687195
1743161084.26168,0.8380024433135986,-0.6254526972770691,9.355633735656738,0.001223281028033903,0.0013884798195731062,0.035519467316798614,-0.9993673165427319,71.79994940757751
1743161084.461648,0.8341858983039856,-0.620013415813446,9.356034278869629,0.000613253881178112,0.0007205280032938538,0.035533291483110185,-0.9993680751860051,71.99991750717163
1743161084.6616457,0.8299157023429871,-0.6126604080200195,9.35558795928955,-0.0003781070901647453,0.00025949734882539346,0.0355791051074415,-0.9993667686337013,72.19991517066956
1743161084.861656,0.8265357613563538,-0.6045063138008118,9.355757713317871,-0.0010057991841041546,-6.477567257554272e-06,0.03567815020144216,-0.9993628068299413,72.39992547035217
1743161085.061651,0.8254424929618835,-0.5953769087791443,9.335433959960938,-0.0013638198281602143,0.000173930330273026,0.035770873268166026,-0.9993590979072724,72.59992051124573
1743161085.261687,0.8259018659591675,-0.5894024968147278,9.251321792602539,-0.0017952877353964276,0.0003067099429214863,0.035821449486379164,-0.9993565690963616,72.79995656013489
1743161085.4616857,0.8274723887443542,-0.5880215764045715,9.061161994934082,-0.0017674173909560274,0.0006146648642352548,0.03584673759548568,-0.9993555575719973,72.99995517730713
1743161085.6616983,0.8303961157798767,-0.5915120244026184,8.79875373840332,-0.0010796611914126056,0.0009479114086078952,0.03578520319665973,-0.9993585078513931,73.19996786117554
1743161085.8616395,0.8360975384712219,-0.5993377566337585,8.519699096679688,-0.00010303295142766293,0.0013669613735766322,0.035720002022013364,-0.9993609102217582,73.39990901947021
1743161086.0616434,0.8426785469055176,-0.6079117655754089,8.261630058288574,0.0008302974019991322,0.001909556773219469,0.035628248332805146,-0.9993629754173353,73.5999128818512
1743161086.2616277,0.8483108282089233,-0.6145023703575134,8.05136489868164,0.0013739579150655677,0.0023175712763483856,0.035531732049715214,-0.9993649984660639,73.79989719390869
1743161086.4616241,0.8504486083984375,-0.6191396117210388,7.8719587326049805,0.001513163193432606,0.002436755484583733,0.035506106765820666,-0.999365419934549,73.99989366531372
1743161086.6616664,0.8520927429199219,-0.6254253387451172,7.6790995597839355,0.001913795165672846,0.0022993220202154226,0.035401329700422535,-0.9993687073887328,74.19993591308594
1743161086.861633,0.8480997681617737,-0.630684494972229,7.503975868225098,0.0022676892257852744,0.0020493067707921878,0.0352799467767112,-0.9993728377798868,74.39990258216858
1743161087.0616539,0.8400630950927734,-0.6336286067962646,7.29262638092041,0.0024052865648384932,0.001084935777925016,0.035219128874309946,-0.9993761673809192,74.59992337226868
1743161087.2616174,0.8304832577705383,-0.6347798705101013,7.060809135437012,0.0022546037611960146,1.0800706157419924e-05,0.03519695963199321,-0.9993778532548596,74.79988694190979
1743161087.4616141,0.8220480680465698,-0.6340835690498352,6.827044486999512,0.0019878615841675985,-0.0007116597033872289,0.0352547008144532,-0.9993761673809192,74.9998836517334
1743161087.6616135,0.8168094158172607,-0.6294695734977722,6.601778030395508,0.0014744399326030709,-0.001066792279924014,0.03544183282184149,-0.9993700982347338,75.19988298416138
1743161087.8616104,0.8172621726989746,-0.6214188933372498,6.389137268066406,0.0005520882775664348,-0.0007259576924722955,0.03573875736960075,-0.9993607837812126,75.39987993240356
1743161088.06167,0.8186452388763428,-0.6116843819618225,6.188119411468506,-0.00034110530069323016,4.627622097898485e-05,0.03594519263360707,-0.999353703110663,75.59993958473206
1743161088.2617557,0.8171822428703308,-0.6004071831703186,5.998431205749512,-0.001177662343166564,0.0002805550657653493,0.035877673382292696,-0.9993554732783003,75.80002522468567
1743161088.4616313,0.8150612711906433,-0.5888081789016724,5.819147109985352,-0.001895248123945061,-7.295849967807641e-05,0.035706388589944404,-0.9993605309001217,75.9999008178711
1743161088.6616037,0.8164522647857666,-0.5788329839706421,5.649389743804932,-0.002441723832465059,-0.0001362729443090589,0.03559638531533099,-0.9993633125921234,76.19987320899963
1743161088.8616092,0.8221359848976135,-0.5706557631492615,5.489090919494629,-0.0026292982994447294,0.00044868341312783,0.035621546983891916,-0.9993618374524255,76.39987874031067
1743161089.0616114,0.8285235166549683,-0.566569983959198,5.337255001068115,-0.0027382916960551713,0.001212179830075501,0.03566993156598253,-0.9993591400541209,76.5998809337616
1743161089.261608,0.8326041102409363,-0.5661938190460205,5.192352771759033,-0.0024217183204473694,0.0016793633224757127,0.03575161215839662,-0.9993563583621191,76.79987740516663
1743161089.4615967,0.8354037404060364,-0.5683011412620544,5.050673484802246,-0.0017703623839886496,0.0018184582303266766,0.03576699575810305,-0.9993569905648467,76.99986624717712
1743161089.6616058,0.8381019234657288,-0.5734302401542664,4.909001350402832,-0.0011052925205400172,0.0017478611091904797,0.03572527037807727,-0.9993595193757574,77.19987535476685
1743161089.8616219,0.8417468070983887,-0.5810049772262573,4.768294334411621,-0.00032065561069466404,0.0018862417869359438,0.03562609884353113,-0.9993633547389719,77.39989137649536
1743161090.0616074,0.8465697169303894,-0.591189980506897,4.629665851593018,0.0005836540856724121,0.002179131432494782,0.035514198960734655,-0.9993666000463073,77.59987688064575
1743161090.2615929,0.8498111367225647,-0.6015944480895996,4.491974830627441,0.0014220552482734983,0.0024701285034557418,0.035414732398248994,-0.9993687073887328,77.79986238479614
1743161090.4615886,0.8477181792259216,-0.6102303266525269,4.3547682762146,0.0020091531101322836,0.002309107950445014,0.035425817019407335,-0.99936765371752,77.99985814094543
1743161090.6615798,0.8420611619949341,-0.6137567758560181,4.219765663146973,0.0021234956168268786,0.0015150879132342801,0.03547689899980261,-0.9993671479553379,78.19984936714172
1743161090.8616092,0.8337081074714661,-0.6153164505958557,4.0869245529174805,0.0016139521956084085,0.000667282858536296,0.035505516709941454,-0.9993679487454595,78.39987874031067
1743161091.0615668,0.8228754997253418,-0.6173346638679504,3.9528262615203857,0.0013701359696954261,-0.0003366907167146944,0.03546745810573615,-0.9993698453536426,78.5998363494873
1743161091.2615898,0.8130872249603271,-0.6199340224266052,3.816237688064575,0.0013909075850608162,-0.0011672039463865008,0.03542640707528655,-0.9993706882906128,78.79985928535461
1743161091.4617932,0.8073837161064148,-0.6209164261817932,3.6958796977996826,0.001441747066730713,-0.001661765428599574,0.035458733708094436,-0.9993687073887327,79.0000627040863
1743161091.661672,0.8070099353790283,-0.6194044351577759,3.580005407333374,0.0013823069757794855,-0.0013936998112021057,0.03558083312823046,-0.9993648720255183,79.19994163513184
1743161091.8616552,0.8110737800598145,-0.61566561460495,3.439667224884033,0.0008216816024626465,-0.0003912334102378946,0.03580749887952206,-0.9993582971171506,79.39992475509644
1743161092.0617404,0.8154462575912476,-0.6100266575813293,3.300522565841675,0.00012805134539926684,0.0005217008936984614,0.03585634707694613,-0.9993568219774527,79.60000991821289
1743161092.2616496,0.8189407587051392,-0.6027294397354126,3.1651346683502197,-0.0005917963299689922,0.0007886459024353362,0.03573513274062878,-0.9993608680749098,79.79991912841797
1743161092.4616668,0.823647677898407,-0.596747100353241,3.014317750930786,-0.001204862068068042,0.001124947064349223,0.03563208369601967,-0.9993636919137601,79.99993634223938
1743161092.6617014,0.8270949721336365,-0.5966365337371826,2.8958680629730225,-0.0012476828597096717,0.0014701711544945054,0.035612063942977,-0.9993638183543054,80.19997096061707
1743161092.8616855,0.8311261534690857,-0.6021732687950134,2.7719552516937256,-0.0003903580193711425,0.0015805295389441107,0.03571131977122022,-0.9993608259280613,80.39995503425598
1743161093.061652,0.8336769938468933,-0.6093464493751526,2.633596897125244,0.0006603671533857158,0.0017466102244770823,0.035789965790541445,-0.9993576227675744,80.59992146492004
1743161093.2616339,0.8340250253677368,-0.6156654357910156,2.4859485626220703,0.0012966031780472982,0.0015786340832140092,0.035750052725001646,-0.9993586764387872,80.79990339279175
1743161093.4616852,0.8334659934043884,-0.622398316860199,2.336498975753784,0.0017302683601934277,0.0013539329759848923,0.035643758373057166,-0.9993622167740621,80.99995470046997
1743161093.6617386,0.8325696587562561,-0.6282737255096436,2.189385175704956,0.002104230638108415,0.0011242795317376818,0.035526379399954344,-0.9993659678435796,81.2000081539154
1743161093.8616638,0.8308925628662109,-0.6334083676338196,2.04610538482666,0.0023239661139521834,0.000931269438389122,0.035430663906986126,-0.9993690445635208,81.39993333816528
1743161094.0616567,0.827902615070343,-0.635100781917572,1.905344843864441,0.002309878282883227,0.0007051100255061092,0.03536917165500869,-0.999371362640189,81.59992623329163
1743161094.2617233,0.8235728144645691,-0.6316004991531372,1.7651182413101196,0.0018151150288067623,0.000310023244977274,0.035357749859062315,-0.9993730063672809,81.79999279975891
1743161094.461699,0.8221768736839294,-0.6257674098014832,1.625308871269226,0.0008739293506935906,7.422541583445793e-05,0.03542164448140478,-0.9993720791366136,81.99996852874756
1743161094.6616514,0.8234800100326538,-0.6206469535827637,1.4867781400680542,0.00022114246133001154,0.00038838674355979897,0.03559410938551144,-0.9993662628715192,82.19992089271545
1743161094.8616369,0.8246702551841736,-0.6150504350662231,1.3487522602081299,-0.00014998219460398928,0.0007246074704358903,0.03570044588430438,-0.9993622589209106,82.39990639686584
1743161095.0616775,0.8246405720710754,-0.6107697486877441,1.2105931043624878,-0.00047196837389757573,0.0008359327114105513,0.035725017496986256,-0.9993612052496978,82.59994697570801
1743161095.2616408,0.8236557245254517,-0.6079320311546326,1.0733667612075806,-0.00044410320520541803,0.0007031768166541364,0.035705208478186146,-0.9993620481866681,82.79991030693054
1743161095.4616995,0.8223845958709717,-0.6054408550262451,0.9377288818359375,-0.0004743829530604893,0.0006286979486471065,0.03570314328260904,-0.9993621746272137,82.99996900558472
1743161095.661653,0.8218615651130676,-0.6022175550460815,0.8025074005126953,-0.00041829254103179723,0.0006568882994144755,0.035686073808962104,-0.9993628068299413,83.19992256164551
1743161095.8619065,0.8227182030677795,-0.5981081128120422,0.6663342714309692,-0.0005310474101049834,0.0006695168473025324,0.03565113407154663,-0.999363944794851,83.40017604827881
1743161096.0616515,0.8237444758415222,-0.5952624082565308,0.5302985906600952,-0.0008312858792348256,0.0008485790072017203,0.03561042021588501,-0.9993650406129124,83.59992098808289
1743161096.2616143,0.8237656354904175,-0.5949941277503967,0.3948781490325928,-0.000705500712180231,0.0008718531605102008,0.035658383329490506,-0.9993634390326689,83.79988384246826
1743161096.4616318,0.822490930557251,-0.5955106019973755,0.27083683013916016,-0.00034273687558103113,0.0007470580553141403,0.035676885795986824,-0.9993630597110323,83.99990129470825
1743161096.661624,0.8196708559989929,-0.5965655446052551,0.14819450676441193,-0.0001264681426634107,0.00031987344503494166,0.035716798861526566,-0.9993619217461226,84.19989347457886
1743161096.8616269,0.8182956576347351,-0.597141683101654,0.02905614674091339,4.172223393235481e-05,0.00010789194747918653,0.03571966484722533,-0.9993619217461225,84.39989638328552
1743161097.0616183,0.8154066801071167,-0.5961375832557678,0.05104537308216095,8.956394125629031e-05,0.00013133814618348754,0.03572881071335221,-0.9993615424244859,84.59988784790039
1743161097.2616274,0.8119083046913147,-0.5930594801902771,0.09114591777324677,0.00014600954029433852,0.00017942442819139358,0.035755194640520016,-0.9993606151938186,84.79989695549011
1743161097.4616287,0.8095967769622803,-0.5924149751663208,0.11676163971424103,0.00014293809771264533,0.00017855435841571498,0.035764635534586475,-0.9993602780190306,84.99989819526672
1743161097.6615984,0.8099156022071838,-0.5943694710731506,0.13095958530902863,7.910623903488783e-05,0.00016654228407409478,0.03577639450532094,-0.999359814403697,85.1998679637909
1743161097.861628,0.8122069239616394,-0.5943201184272766,0.13671036064624786,6.681310895875039e-05,0.00012364831424645486,0.035784739581326164,-0.9993595615226059,85.39989757537842
1743161098.0616002,0.8116788268089294,-0.5933855175971985,0.13710825145244598,8.738021795757753e-05,0.00015408769997860377,0.03581044915891779,-0.9993586342919387,85.59986972808838
1743161098.2615938,0.8100149631500244,-0.5947012305259705,0.133088156580925,8.194398449296989e-05,0.00020111017536216926,0.035819384290802114,-0.9993582971171506,85.79986333847046
1743161098.4616187,0.8070868849754333,-0.5959718823432922,0.12677858769893646,5.9159769648242125e-05,0.0002527959947672823,0.03581563322128456,-0.9993584235576962,85.9998881816864
1743161098.661613,0.8040801882743835,-0.5952050685882568,0.11904899775981903,6.615691823289584e-05,0.00028130561099904875,0.035803368488367904,-0.9993588028793328,86.19988250732422
1743161098.8616238,0.802679181098938,-0.5925233960151672,0.11052338778972626,0.0001266129864411322,0.0002734268308094542,0.03580931119400799,-0.99935859214509,86.399893283844
1743161099.0615888,0.8032968044281006,-0.5913587808609009,0.10178466141223907,0.00017617624744115082,0.000249236425362343,0.035814031641041244,-0.9993584235576961,86.59985828399658
1743161099.2616172,0.8041744828224182,-0.5928279757499695,0.0925917774438858,0.00022709152604045277,0.00036027107071065934,0.0358338406598413,-0.9993576649144229,86.79988670349121
1743161099.4615989,0.8045024275779724,-0.5950578451156616,0.08266304433345795,0.00027305099225591794,0.0005524069719492669,0.03584703262342526,-0.9993571170053923,86.99986839294434
1743161099.6615915,0.8049207925796509,-0.5976132154464722,0.07360200583934784,0.0003034543869872419,0.00066359352756645,0.03585773792294694,-0.9993566955369072,87.1998610496521
1743161099.8616228,0.805316686630249,-0.6002722978591919,0.06525738537311554,0.0003117125145378294,0.0007343078104589597,0.03585221668579214,-0.9993568219774527,87.39989233016968
1743161100.061604,0.805412769317627,-0.6018840670585632,0.0581960529088974,0.00032279699163958336,0.0007576047896660945,0.03585571487421846,-0.9993566112432102,87.59987354278564
1743161100.2617164,0.8057300448417664,-0.603155791759491,0.050714537501335144,0.00034475027251672707,0.0007585948701748148,0.03587324796319902,-0.9993560211873309,87.79998588562012
1743161100.4617286,0.8040159344673157,-0.6046264171600342,0.042244717478752136,0.000325843006943194,0.0007529651789712293,0.035898957540790644,-0.9993550939566638,87.99999809265137
1743161100.6616516,0.8012158274650574,-0.6059294939041138,0.033045634627342224,0.0003089879718516937,0.0007978658959783801,0.03587050841804584,-0.9993561476278765,88.19992113113403
1743161100.8616266,0.7991403341293335,-0.605930745601654,0.025007545948028564,0.00033243075692879914,0.0008349136343639639,0.03585858085991722,-0.9993564426558161,88.39989614486694
1743161101.0616355,0.8001937866210938,-0.6053829789161682,0.01718360185623169,0.0003401430951388799,0.0008197338953417399,0.03587763123544413,-0.99935576830624,88.59990501403809
1743161101.2616313,0.8022459149360657,-0.60552978515625,0.00933566689491272,0.0003121840118260291,0.0007556217063573998,0.035926226551777185,-0.999354124579148,88.79990077018738
1743161101.4616182,0.804042398929596,-0.6056052446365356,0.0008269697427749634,0.00031972992349123323,0.0007150185067527331,0.03593157920153811,-0.9993539981386024,88.99988770484924
1743161101.661617,0.8052771091461182,-0.6056936979293823,-0.009414106607437134,0.0003231589647442993,0.0007123279408473062,0.03593385513135772,-0.9993539138449055,89.19988656044006
1743161101.8616972,0.8065120577812195,-0.6038275957107544,-0.018779680132865906,0.0003171083195435017,0.0006956667030567959,0.03592036813983418,-0.9993544196070876,89.39996671676636
1743161102.0616019,0.8085037469863892,-0.6014642119407654,-0.02809901535511017,0.0003367451804035741,0.000668368911617297,0.03593048338347676,-0.9993539981386025,89.59987139701843
1743161102.2616017,0.8096122145652771,-0.5981454849243164,-0.035314157605171204,0.0003666325129050721,0.0006513679780480047,0.03592508858686738,-0.9993542510196936,89.79987120628357
1743161102.4615943,0.811756432056427,-0.5942850112915039,-0.040606945753097534,0.0003900085894814704,0.000616592742992616,0.03594506619306154,-0.9993534923764203,89.99986386299133
1743161102.6616092,0.8142610192298889,-0.5908085703849792,-0.0455736368894577,0.0004019038789291622,0.0006099246505770371,0.03595994403058589,-0.9993530287610868,90.19987869262695
1743161102.861612,0.8167936205863953,-0.5888655185699463,-0.0505346953868866,0.00039212607760834116,0.0005972832096222849,0.03597174514816903,-0.9993526072926016,90.39988160133362
1743161103.0615907,0.8196408748626709,-0.5885987877845764,-0.055561766028404236,0.00037711713827811726,0.0005924530840592119,0.03597815146914263,-0.9993523544115106,90.59986019134521
1743161103.2615287,0.8215043544769287,-0.590212881565094,-0.060656771063804626,0.00033093046906251914,0.0005864636011795933,0.03598438920272223,-0.9993521015304194,90.79979825019836
1743161103.4616911,0.8216472268104553,-0.5915923118591309,-0.06428062915802002,0.00031498583059427326,0.0006213395832549453,0.03599075337684737,-0.9993518907961769,90.99996066093445
1743161103.6616707,0.820685625076294,-0.5935068726539612,-0.06584310531616211,0.00029812149356159783,0.0006251055523419079,0.03599117484533254,-0.9993518907961769,91.19994020462036
1743161103.8616862,0.818215012550354,-0.5940481424331665,-0.06909580528736115,0.00028824639228972233,0.0006763594745922426,0.03596946921834937,-0.9993526072926016,91.39995574951172
1743161104.0616598,0.8160149455070496,-0.5932525396347046,-0.07367736101150513,0.0002926582700619209,0.0007141575009675775,0.03594729997603263,-0.9993534502295719,91.59992933273315
1743161104.261666,0.8164055943489075,-0.5930244326591492,-0.0778743326663971,0.0002923949345767912,0.0006882156218007413,0.035942579528999485,-0.9993536188169658,91.79993557929993
1743161104.461681,0.8193230032920837,-0.5950455069541931,-0.08250893652439117,0.0002553734556534632,0.0006440369165285301,0.03596078696755617,-0.9993529444673896,91.99995040893555
1743161104.6617208,0.8222627639770508,-0.5981923937797546,-0.0872192308306694,0.00021643164036534165,0.0006228798777000851,0.03597073362380476,-0.9993526072926016,92.19999027252197
1743161104.8616772,0.8236770629882812,-0.6024446487426758,-0.0925254225730896,0.0001418790719670864,0.0006313360625114484,0.035981691804417515,-0.9993522701178135,92.39994668960571
1743161105.061642,0.8239660859107971,-0.607361376285553,-0.09586305916309357,0.0001014844045967756,0.0006602384696729527,0.03597060718325917,-0.99935264943945,92.59991145133972
1743161105.2616386,0.8249367475509644,-0.6109816431999207,-0.0969865694642067,7.949305161526417e-05,0.0006679723340566382,0.03595067172391353,-0.9993533659358749,92.79990816116333
1743161105.4617128,0.8267955183982849,-0.6131279468536377,-0.09673509001731873,8.768252590089438e-05,0.0006653514298124464,0.03593937636851263,-0.9993537874043599,92.99998235702515
1743161105.6616457,0.8258963227272034,-0.6143254637718201,-0.09716403484344482,9.30729184938917e-05,0.0006964034085660698,0.035914889049527776,-0.9993545881944816,93.19991517066956
1743161105.861696,0.823249876499176,-0.6162571907043457,-0.09884704649448395,8.787109600485206e-05,0.0007280833300875706,0.03591029504304005,-0.9993547989287241,93.39996552467346
1743161106.0616739,0.8199745416641235,-0.6181427836418152,-0.10136514157056808,4.735902249647756e-05,0.0007751628210198663,0.03592647943286831,-0.999354124579148,93.59994339942932
1743161106.2617054,0.8186635375022888,-0.618958055973053,-0.10551593452692032,5.52416356209037e-05,0.0007954024456101438,0.035911053686313255,-0.9993547146350271,93.79997491836548
1743161106.461668,0.8194659352302551,-0.6197984218597412,-0.1089017391204834,6.227542603357189e-05,0.000775530576968543,0.035906543973522664,-0.9993549253692697,93.99993753433228
1743161106.6616273,0.8194916248321533,-0.6223677396774292,-0.10932271182537079,3.6769297535861414e-05,0.0007685394273127667,0.035916069161286035,-0.9993545039007846,94.19989681243896
1743161106.8616436,0.8184382319450378,-0.6244232654571533,-0.11157768964767456,1.3056838482737176e-05,0.0007974976872803542,0.035923613447169545,-0.999354293166542,94.39991307258606
1743161107.061634,0.8170024752616882,-0.6235594749450684,-0.11514747142791748,3.143097111802652e-05,0.0008261894013583358,0.03591185447643502,-0.9993546724881787,94.59990358352661
1743161107.2616248,0.8168033361434937,-0.618267297744751,-0.10371124744415283,9.971973169005658e-05,0.0008113980801187265,0.035912613119708225,-0.9993545881944816,94.79989433288574
1743161107.4616296,0.8183881044387817,-0.6121118664741516,-0.08606009185314178,0.00017784504810072923,0.0007685124681469711,0.035915689839649434,-0.9993545460476332,94.99989914894104
1743161107.6616528,0.8211353421211243,-0.6064325571060181,-0.07012979686260223,0.00022134417659973402,0.0007491726211497568,0.03591750215413547,-0.9993545039007845,95.19992232322693
1743161107.861627,0.8239246606826782,-0.6030609011650085,-0.058837443590164185,0.00022363988333407768,0.0007200129083012742,0.03592078960831929,-0.9993543353133907,95.3998966217041
1743161108.0616312,0.8252139687538147,-0.6022869944572449,-0.05067114531993866,0.00021398574432414624,0.0007120150087289194,0.03594633059851693,-0.9993534923764203,95.59990072250366
1743161108.261607,0.8263641595840454,-0.6028004288673401,-0.044373318552970886,0.00021219380355889353,0.0007063573293837446,0.035943970375000356,-0.9993535766701174,95.79987645149231
1743161108.4615986,0.8265764713287354,-0.6027697920799255,-0.04057040810585022,0.0002108245043111546,0.0007011592935256257,0.03592580508329207,-0.999354208872845,95.99986815452576
1743161108.6616101,0.8255916833877563,-0.6023802161216736,-0.038872092962265015,0.00021922475399837102,0.0007118456393132725,0.03591901944068182,-0.9993544196070876,96.19987964630127
1743161108.8615987,0.823309600353241,-0.6022634506225586,-0.03896154463291168,0.0002282521850113775,0.0007208937733192487,0.035895375058667245,-0.9993553046909063,96.39986824989319
1743161109.061627,0.8193625807762146,-0.6019856929779053,-0.03938323259353638,0.0002188600643975598,0.0007805223031800202,0.03589250907296854,-0.9993553889846034,96.59989643096924
1743161109.2616327,0.8148558735847473,-0.5990109443664551,-0.038450852036476135,0.00022947185059919332,0.0008450951440476943,0.03589158184230129,-0.9993553046909063,96.79990220069885
1743161109.461613,0.8120215535163879,-0.5939741134643555,-0.036472201347351074,0.0002650224292049101,0.0008702689545230639,0.0358912446675132,-0.9993553046909063,96.9998824596405
1743161109.6616166,0.8123459815979004,-0.5888403058052063,-0.03414085507392883,0.00032639690461295503,0.0008238900314701665,0.03590987357455494,-0.9993547146350271,97.1998860836029
1743161109.8615932,0.8138788342475891,-0.5867182612419128,-0.03226718306541443,0.0003295463319838348,0.0007664887197149084,0.03593006191499171,-0.9993539981386024,97.39986276626587
1743161110.061586,0.8146441578865051,-0.5851801633834839,-0.03173723816871643,0.0003234629859323127,0.0007146600733247476,0.035948058619305834,-0.9993533659358749,97.59985542297363
1743161110.2615964,0.8127678632736206,-0.5819486975669861,-0.032534435391426086,0.0003370806573816016,0.0007289120877713509,0.0359693849246524,-0.9993526072926016,97.79986596107483
1743161110.4615898,0.8105875253677368,-0.578896164894104,-0.03288142383098602,0.0003341566991866424,0.0007555196113791466,0.03596264142889061,-0.9993528601736927,97.99985933303833
1743161110.6615765,0.8058193922042847,-0.5758589506149292,-0.03186485171318054,0.0003247421263210056,0.0007945239883955264,0.03593073626456783,-0.9993539138449055,98.19984602928162
1743161110.861602,0.8008924722671509,-0.5736530423164368,-0.03092697262763977,0.0003381838634890837,0.0008293424507240094,0.035905406008612806,-0.9993547989287243,98.3998715877533
1743161111.0616,0.7954734563827515,-0.5701947212219238,-0.03135482966899872,0.0003613790564107035,0.0008644148642783832,0.0358946164153941,-0.9993551361035122,98.5998694896698
1743161111.261593,0.7900058031082153,-0.5681023001670837,-0.03221185505390167,0.0003858304847198478,0.0008805567779858017,0.03587914852199059,-0.9993556840125429,98.79986262321472
1743161111.461596,0.7855213284492493,-0.5690186023712158,-0.032771557569503784,0.0003752194188012699,0.0008818005421867064,0.03584956143433593,-0.9993567798306042,98.99986553192139
1743161111.6615927,0.7789298892021179,-0.5708624124526978,-0.03159375488758087,0.00032790867584909286,0.0008936914687770329,0.035829710268687254,-0.9993574963270289,99.199862241745
1743161111.8616025,0.7737587690353394,-0.5730916261672974,-0.03334313631057739,0.00028917969391414503,0.0009318478462622898,0.03581955287819616,-0.9993577913549685,99.39987206459045
1743161112.0615954,0.770678699016571,-0.5756517648696899,-0.03764621913433075,0.00026765922083535717,0.0009351252370628769,0.035818962822317,-0.9993578756486654,99.5998649597168
1743161112.261618,0.7689465880393982,-0.577767014503479,-0.04418464004993439,0.00024961341379632895,0.000933017771160237,0.03582448405947192,-0.9993576649144229,99.79988741874695
1743161112.4617734,0.7687666416168213,-0.5791183114051819,-0.05181540548801422,0.0002565150013990196,0.000918200643207721,0.0358545347624602,-0.9993566112432102,100.00004291534424
1743161112.6617272,0.7713384628295898,-0.5794397592544556,-0.05970139801502228,0.00026923135179155475,0.0008761167474358869,0.03587341655059301,-0.999355936893634,100.19999670982361
1743161112.8617177,0.7762699127197266,-0.5793282389640808,-0.0686296820640564,0.0002833395360017114,0.000782924694124657,0.03590700758885629,-0.9993547989287241,100.39998722076416
1743161113.0616739,0.7815002799034119,-0.5791428685188293,-0.07680368423461914,0.00030449552527484674,0.000728790606889144,0.03594502404621308,-0.9993534502295718,100.59994339942932
1743161113.2616904,0.7853940725326538,-0.5791695713996887,-0.08141882717609406,0.00028921317678647275,0.0007034903147092098,0.0359328857538419,-0.999353955991754,100.799959897995
1743161113.461701,0.7861253619194031,-0.5804954171180725,-0.0836174413561821,0.0002838639432252244,0.0007032738593612424,0.03592289695074491,-0.9993543353133906,100.99997043609619
1743161113.6617334,0.7870632410049438,-0.5823413729667664,-0.08558064699172974,0.0002771195625442987,0.0006830149517645907,0.03591923017492443,-0.999354461753936,101.20000290870667
1743161113.8616815,0.7896956205368042,-0.5844535827636719,-0.0869545042514801,0.0002742737653506307,0.0006510770042730558,0.035958974653070186,-0.9993530709079352,101.39995098114014
1743161114.0616643,0.7915595769882202,-0.5846921801567078,-0.08847640454769135,0.00028347385850182395,0.0006067228174689831,0.035976170567262655,-0.9993524808520561,101.59993386268616
1743161114.261693,0.7918914556503296,-0.5859381556510925,-0.0895296037197113,0.0003121462381246415,0.000601111102472514,0.03596074482070766,-0.9993529866142382,101.79996252059937
1743161114.4617162,0.7926325798034668,-0.5894954800605774,-0.09062990546226501,0.0003099677831819926,0.0006165197165805356,0.035947552857123755,-0.9993534502295718,101.99998569488525
1743161114.6616747,0.7929409146308899,-0.5936540961265564,-0.091792032122612,0.00027862158937966996,0.0006079397562709454,0.03594228450105985,-0.9993536609638143,102.1999442577362
1743161114.8618484,0.7928451895713806,-0.5983640551567078,-0.0941668301820755,0.00023869110327966555,0.0006210116692490017,0.035972714525684735,-0.9993525651457531,102.40011787414551
1743161115.061705,0.7911027669906616,-0.6021704077720642,-0.09455324709415436,0.00023041297243964816,0.0006278591121454266,0.03597254593829069,-0.9993525651457531,102.59997463226318
