timestamp,x,y,z,qx,qy,qz,qw,relative_time,drone_id
1743168127.9221044,-0.08144020289182663,-0.2790434956550598,0.2809154987335205,0.00011527266994290812,0.00017341893959330577,-0.00036423306483107654,-0.999999898592032,0.0,drone1
1743168128.1221101,-0.08082848787307739,-0.28301283717155457,0.2644655108451843,8.06304402986161e-05,0.0001691529602988993,-0.0003557194014318643,-0.999999898592032,0.20000576972961426,drone1
1743168128.3221533,-0.08100166916847229,-0.2864404320716858,0.2457900196313858,9.670084533324973e-05,0.00017279530308912512,-0.0003609456106472564,-0.999999898592032,0.40004897117614746,drone1
1743168128.5220933,-0.08252202719449997,-0.2892816960811615,0.23113523423671722,9.386660868262427e-05,0.00021531900883959123,-0.0003723252597451765,-0.9999998985920319,0.5999889373779297,drone1
1743168128.7221959,-0.08400270342826843,-0.2925603687763214,0.2109021693468094,7.186327842287391e-05,0.0002606218701664448,-0.000375022658049895,-0.999999898592032,0.8000915050506592,drone1
1743168128.9221306,-0.08352352678775787,-0.29456645250320435,0.19368959963321686,5.9705836812215236e-05,0.00023815096301626877,-0.00036221001610253767,-0.999999898592032,1.0000262260437012,drone1
1743168129.1221204,-0.08187489956617355,-0.293636679649353,0.1790321320295334,9.651799633470515e-05,0.00022435028307718727,-0.0003574895690692803,-0.999999898592032,1.2000160217285156,drone1
1743168129.3221385,-0.08099847286939621,-0.2916489243507385,0.16536320745944977,0.00014838145297596753,0.0002421626052188618,-0.0003639801837400647,-0.999999898592032,1.4000341892242432,drone1
1743168129.5221136,-0.08008493483066559,-0.2892513573169708,0.15160442888736725,0.00017042559498813643,0.00023596073916297918,-0.00037544412653495174,-0.999999898592032,1.6000092029571533,drone1
1743168129.7221363,-0.08049638569355011,-0.2865508794784546,0.13872046768665314,0.00021147628073085633,0.00026190300419573807,-0.00039082772624149387,-0.9999998564451834,1.8000319004058838,drone1
1743168129.92212,-0.08078109472990036,-0.28128552436828613,0.13013918697834015,0.003885386913862293,5.8553826382836815e-05,-0.0009083910259551908,-0.9999921014250575,2.0000157356262207,drone1
1743168130.122199,-0.07431263476610184,-0.25956398248672485,0.14903776347637177,0.04080634955475888,-0.009899043480643781,-0.004837994593716922,-0.9991063432567524,2.200094699859619,drone1
1743168130.322224,-0.05837071314454079,-0.19989681243896484,0.24898992478847504,0.026586129307728773,-0.00714720988691671,-0.005534934880693122,-0.9996056991179096,2.4001195430755615,drone1
1743168130.522188,-0.03626515343785286,-0.11201851814985275,0.429193377494812,-0.0012096811064169354,-0.0005060617787227672,-0.004156943668629398,-0.9999905419916626,2.600083589553833,drone1
1743168130.7221675,-0.0148616386577487,-0.0294105876237154,0.615363597869873,-0.010491894551960429,0.0023782251600080887,-0.0018082262416628245,-0.9999405136824802,2.800063133239746,drone1
1743168130.922178,0.0047628008760511875,0.03472831845283508,0.7743232250213623,-0.016001402699928117,0.004211152418348647,0.0008120854771080379,-0.9998627527469774,3.0000736713409424,drone1
1743168131.1221995,0.020032037049531937,0.07846074551343918,0.9052869081497192,-0.01824226107319927,0.005289112069664417,0.0027801747151727234,-0.9998158011577363,3.2000951766967773,drone1
1743168131.3221667,0.027868399396538734,0.10248985886573792,1.0142616033554077,-0.01726281375337714,0.005277091656760207,0.0035598492657756835,-0.9998307632889578,3.400062322616577,drone1
1743168131.5221796,0.02983592450618744,0.11203031241893768,1.1094132661819458,-0.014715478314986201,0.004471795444257349,0.003310719244227767,-0.999876239738501,3.6000752449035645,drone1
1743168131.7221835,0.02659909799695015,0.10708571970462799,1.1950513124465942,-0.011761684267184517,0.0033873958861980157,0.0024398389134471787,-0.9999221376565294,3.800079107284546,drone1
1743168131.9221632,0.021234827116131783,0.09295447170734406,1.2704110145568848,-0.008235658505883375,0.0021262745923325043,0.0014385562333738557,-0.9999628093653423,4.000058889389038,drone1
1743168132.1221528,0.01845991238951683,0.07198063284158707,1.3372647762298584,-0.004986978434846899,0.0013744409986212074,0.0005745458389005976,-0.9999864958942055,4.200048446655273,drone1
1743168132.3221714,0.017460890114307404,0.04691668227314949,1.399173617362976,-0.0018521648045642975,0.0012198867147138774,3.5150471658085344e-05,-0.9999975383685153,4.400067090988159,drone1
1743168132.5222342,0.01704815961420536,0.023157522082328796,1.4560999870300293,0.000558203665924176,0.0012185879414670399,-0.00013048664298959115,-0.9999991399487587,4.600129842758179,drone1
1743168132.722164,0.017304863780736923,0.002682341728359461,1.5088001489639282,0.002252518397693426,0.0012631356168793643,-0.00010536712127717776,-0.9999966954315451,4.80005955696106,drone1
1743168132.922159,0.016950899735093117,-0.013013075105845928,1.5572353601455688,0.0029932974163395347,0.0012418016559529465,-9.483040914859332e-06,-0.9999947988233622,5.000054597854614,drone1
1743168133.1221716,0.01807982102036476,-0.022955287247896194,1.6036163568496704,0.003050715335764104,0.0013175661314615331,6.638128640468208e-05,-0.9999944616485741,5.2000672817230225,drone1
1743168133.3221521,0.018792467191815376,-0.030318662524223328,1.6487981081008911,0.0026310549669198934,0.001576458663749954,0.000106210058247569,-0.9999953467323928,5.400047779083252,drone1
1743168133.5221841,0.017622634768486023,-0.0333901084959507,1.6771715879440308,0.002437167527650574,0.0015498150230917986,0.00013731443244857655,-0.9999958524945749,5.600079774856567,drone1
1743168133.7221487,0.024550912901759148,-0.03843532130122185,1.7571446895599365,0.0020057053003607233,-0.2048717845139988,0.0005549897011915424,-0.9787866310932258,5.800044298171997,drone1
1743168133.9221563,0.20842550694942474,-0.050962138921022415,1.9220514297485352,-0.002046945991628549,-0.3022752587651004,0.109150475280664,-0.9469486488470054,6.000051975250244,drone1
1743168134.1221836,0.6251124143600464,-0.08937742561101913,2.0059497356414795,0.05572015678013046,-0.2366825820429297,0.08460482505749554,-0.966291186327807,6.2000792026519775,drone1
1743168134.322133,1.224586009979248,-0.026579266414046288,1.9973297119140625,0.02615577047176205,-0.1404958188197087,-0.048338768466174915,-0.9885546268509591,6.400028705596924,drone1
1743168134.5221581,1.907463788986206,0.14758853614330292,1.9513931274414062,-0.06207729534502433,-0.05353502938220852,-0.12587333324542238,-0.9886537983855053,6.600053787231445,drone1
1743168134.72216,2.5972952842712402,0.27551132440567017,1.9050846099853516,-0.06734031423492115,0.01063119219119485,-0.1034507040754446,-0.9922954546842405,6.800055742263794,drone1
1743168134.922158,3.245757579803467,0.2904917597770691,1.8643238544464111,-0.028286181711421263,0.057736600307238345,-0.032160700665268264,-0.9974127142961906,7.000053644180298,drone1
1743168135.1221356,3.806455612182617,0.24408495426177979,1.8327686786651611,-0.008677888594423236,0.08364075804465736,0.025517725137223893,-0.9961314079546111,7.200031280517578,drone1
1743168135.3221343,4.259319305419922,0.1884486824274063,1.8109018802642822,-0.00689210554959239,0.09424478922616489,0.04789340271796045,-0.9943725356725543,7.400029897689819,drone1
1743168135.5221646,4.603644371032715,0.13733866810798645,1.797745704650879,-0.006519835607585832,0.09399672077836385,0.043312798928099534,-0.9946085580242154,7.600060224533081,drone1
1743168135.722152,4.84935998916626,0.08981618285179138,1.7898716926574707,-0.003541012258669243,0.0862234721403784,0.02581380674801293,-0.9959350457873988,7.8000476360321045,drone1
1743168135.9221866,5.011950969696045,0.043877068907022476,1.7842233180999756,0.0002893091390690064,0.07400980539903523,0.006835375891496913,-0.997234053805353,8.00008225440979,drone1
1743168136.1221395,5.1110382080078125,-0.00023806904209777713,1.7804443836212158,0.003835344775245201,0.06007043594541354,-0.006888143745832406,-0.9981630546402301,8.200035095214844,drone1
1743168136.3221335,5.1653828620910645,-0.042497918009757996,1.779551386833191,0.006806227394484529,0.046649995612815166,-0.013164230957589559,-0.9988014108077762,8.400029182434082,drone1
1743168136.5221488,5.188113212585449,-0.07724785059690475,1.7971370220184326,0.13310245553242023,0.03325457997152012,-0.007716666493859546,-0.9905142445724731,8.60004448890686,drone1
1743168136.7221484,5.189648151397705,0.02576426975429058,1.8861212730407715,0.3193321726511564,0.02058959950796624,0.006219694728449744,-0.9473987771891017,8.800044059753418,drone1
1743168136.922121,5.183355808258057,0.4003337621688843,1.9015393257141113,0.241853547276595,0.018062801109328994,0.015846877865308195,-0.9700151975685325,9.000016689300537,drone1
1743168137.1221263,5.169861793518066,0.989793598651886,1.8751249313354492,0.13858852641062108,0.017096031429830058,0.021199359038797605,-0.9899755235548069,9.200021982192993,drone1
1743168137.3221145,5.142678737640381,1.676697850227356,1.847428560256958,0.05503585264517353,0.013454751818553342,0.01628136972660693,-0.9982609617693209,9.400010108947754,drone1
1743168137.5222006,5.096258640289307,2.3620290756225586,1.8316841125488281,-0.008487005846789646,0.004029305559909091,0.003227057749933649,-0.9999507132198198,9.600096225738525,drone1
1743168137.72218,5.040056228637695,2.9844939708709717,1.8299214839935303,-0.0496613945243635,-0.004784273166933749,-0.009293211509258048,-0.9987114694330539,9.80007553100586,drone1
1743168137.9221597,4.990780353546143,3.516601324081421,1.840271234512329,-0.07191203557645846,-0.009190807838266713,-0.014891493103263043,-0.997257487453125,10.000055313110352,drone1
1743168138.1221774,4.962140083312988,3.952049732208252,1.856574296951294,-0.08078337820554676,-0.009765638168394673,-0.013108976439191844,-0.9965976785396871,10.200073003768921,drone1
1743168138.322244,4.956336498260498,4.297166347503662,1.8754196166992188,-0.08075310886578185,-0.00801876456727349,-0.007251028111511127,-0.9966755237688867,10.400139570236206,drone1
1743168138.5221848,4.963573932647705,4.485342502593994,1.8877508640289307,-0.07812315342123616,-0.006297832351410758,-0.003434715272546685,-0.9969179524415213,10.600080490112305,drone1
1743168138.7221918,4.990463733673096,4.725187301635742,1.901451826095581,-0.07003697760394746,-0.001997481396544931,0.0019041524688737652,-0.9975405878345727,10.800087451934814,drone1
1743168138.9221566,5.022763729095459,4.866975784301758,1.908428430557251,-0.05934147459028112,0.0024000338492067043,0.0031270011315688295,-0.9982300259825139,11.000052213668823,drone1
1743168139.1221483,5.058162212371826,4.963571071624756,1.9149928092956543,-0.04867598276693257,0.006032296669080128,0.0019749591743720156,-0.9987944565777719,11.20004391670227,drone1
1743168139.3221426,5.09431791305542,5.024547100067139,1.9198040962219238,-0.03913992243364373,0.009122223061938476,-0.0002683911313172688,-0.9991921120934721,11.400038242340088,drone1
1743168139.522144,5.1181111335754395,5.059563159942627,1.941563367843628,-0.029177678436568776,0.15448364134404985,0.002471786224618476,-0.9875613099252543,11.600039720535278,drone1
1743168139.7221503,4.978847026824951,5.072150230407715,2.0382907390594482,-0.016126943673662877,0.3103902129773881,0.0054276711512330125,-0.9504569525170522,11.80004596710205,drone1
1743168139.9221575,4.579289436340332,5.078865051269531,2.055201768875122,-0.015183855254671,0.23846713229244165,0.0013604581230832336,-0.9710308944707966,12.00005316734314,drone1
1743168140.1221325,3.9793238639831543,5.078135013580322,2.0283989906311035,-0.013970579194943942,0.14363421013708766,-0.0013774011561844457,-0.9895313379183506,12.20002818107605,drone1
1743168140.322165,3.2803399562835693,5.066479682922363,2.0000791549682617,-0.010957095331483235,0.05795339184217723,-0.0031713396162021366,-0.9982541339798623,12.400060653686523,drone1
1743168140.5221212,2.573702335357666,5.043044090270996,1.983675241470337,-0.005594551762547883,-0.009040970358818297,-0.004726895501042162,-0.9999323371938689,12.600016832351685,drone1
1743168140.7221277,1.9267446994781494,5.011890411376953,1.9787323474884033,0.00019640431406082537,-0.053236564169572856,-0.0057982683901891575,-0.9985650934281756,12.800023317337036,drone1
1743168140.9221268,1.3730177879333496,4.983157157897949,1.9802336692810059,0.003911814963512143,-0.07780947550119383,-0.005562035304285566,-0.9969450950119623,13.000022411346436,drone1
1743168141.1221144,0.9218453764915466,4.965305328369141,1.9852032661437988,0.005078057774479059,-0.08787396116731111,-0.004059458008023714,-0.9961104609709012,13.200010061264038,drone1
1743168141.3221304,0.5710874795913696,4.961610317230225,1.99161696434021,0.00433697920039988,-0.0879579176895448,-0.002182785284379157,-0.996112357579084,13.400026082992554,drone1
1743168141.5221107,0.31073257327079773,4.968095779418945,1.9986083507537842,0.0023463624718060975,-0.08151547686671509,-0.0007244621790537026,-0.9966690753010645,13.600006341934204,drone1
1743168141.7221532,0.12714160978794098,4.982391357421875,2.0051043033599854,7.977871587511039e-05,-0.07126078510744616,-5.647677700449264e-05,-0.9974577692772488,13.800048828125,drone1
1743168141.922085,0.004701494239270687,5.002448081970215,2.0097463130950928,-0.00249289652736624,-0.059414649421830126,-7.240828574162447e-05,-0.9982303210104535,13.999980688095093,drone1
1743168142.122134,-0.07263552397489548,5.024406909942627,2.015272378921509,-0.004765095033772288,-0.0474679263309758,-0.00042964497371994774,-0.9988613436263587,14.200029611587524,drone1
1743168142.322111,-0.11866375058889389,5.046052932739258,2.021517515182495,-0.006370567275228437,-0.03693079932021227,-0.0008624931079269116,-0.9992972263336583,14.400006532669067,drone1
1743168142.522113,-0.13995754718780518,5.045722961425781,2.070220708847046,-0.21763368165570346,-0.02654341084258481,0.0061730381671481465,-0.9756500204801966,14.600008726119995,drone1
1743168142.7220974,-0.1419956237077713,4.832499027252197,2.152148485183716,-0.3154989799993632,-0.018359146137921112,0.010756550089556392,-0.9486873749354738,14.79999303817749,drone1
1743168142.9221146,-0.1386970728635788,4.360089302062988,2.138207197189331,-0.20376450250992056,-0.014638338057682374,0.010559977188101586,-0.978853560288661,15.000010251998901,drone1
1743168143.1221464,-0.1312776654958725,3.8259079456329346,2.1074695587158203,-0.12434389260159091,-0.011858252904562841,0.009616562131033735,-0.9921217253746786,15.200042009353638,drone1
1743168143.3221855,-0.11401437968015671,3.12567138671875,2.078253984451294,-0.04468728141502449,-0.008217097099653625,0.006208567960442889,-0.9989479975468971,15.400081157684326,drone1
1743168143.5221968,-0.08707030117511749,2.4378762245178223,2.06335186958313,0.01612511291993083,-0.0031496800873346102,0.0008719761488419906,-0.9998646493551604,15.60009241104126,drone1
1743168143.7221363,-0.06065547838807106,1.8586304187774658,2.0557055473327637,0.05393322259949971,0.0011370455816610526,-0.003418193707930395,-0.9985380772982801,15.800031900405884,drone1
1743168143.9221306,-0.03560779616236687,1.375963568687439,2.0824356079101562,0.07521844267124805,0.0037453586194963894,-0.006258975591261762,-0.9971404878016588,16.0000262260437,drone1
1743168144.122137,-0.01905546337366104,0.9555365443229675,2.106755495071411,0.08252330021084178,0.0046199399704118585,-0.006561294935630346,-0.9965568803903285,16.200032711029053,drone1
1743168144.3221316,-0.01178643200546503,0.6103280782699585,2.10224986076355,0.0838111340455846,0.004299423724198635,-0.004759306427547072,-0.9964609963099662,16.40002727508545,drone1
1743168144.5221217,-0.016857745125889778,0.3268914222717285,2.076090097427368,0.07874215364860362,0.00277737458392472,-0.002005894961178867,-0.9968891661439884,16.600017309188843,drone1
1743168144.7221417,-0.031192395836114883,0.13453947007656097,2.0464401245117188,0.0698925113781424,0.0006257094788147538,4.7078029786762384e-05,-0.9975543277071872,16.800037384033203,drone1
1743168144.9221148,-0.04686582460999489,0.00235889945179224,2.0171873569488525,0.05894732253136343,-0.0016698028202628938,0.0010009033584367777,-0.998259233748532,17.00001049041748,drone1
1743168145.1221292,-0.06182216480374336,-0.0792488306760788,1.9898176193237305,0.03278240487638554,-0.0023711013547928657,0.0008804898122412029,-0.9994593652598798,17.200024843215942,drone1
1743168145.3221202,-0.07797977328300476,-0.14223037660121918,1.9352045059204102,0.0003529442948753675,-0.0020564291971796075,0.00027403880901782907,-0.9999977912496064,17.400015830993652,drone1
1743168145.5221078,-0.09558707475662231,-0.21195024251937866,1.8183104991912842,0.024709536926514168,-0.003572473563993612,-0.0002247691431085388,-0.9996883069409909,17.600003480911255,drone1
1743168145.7221167,-0.11295555531978607,-0.2704055905342102,1.6536468267440796,0.04013366741327879,-0.0045522863760176675,-0.0002547355523997988,-0.9991839356048611,17.800012350082397,drone1
1743168145.922115,-0.1285008043050766,-0.3003946542739868,1.4975910186767578,0.013302883223206184,-0.004903859910499608,0.00012854788795829656,-0.999899504798879,18.00001072883606,drone1
1743168146.122212,-0.14099544286727905,-0.3226807415485382,1.3681401014328003,-0.008831278756856091,-0.006750201720467771,0.0004996087422482472,-0.999938111312115,18.20010757446289,drone1
1743168146.3221936,-0.14617809653282166,-0.3567245900630951,1.2489837408065796,-0.004748126564389283,-0.0066819183105698695,0.000838385110578765,-0.9999660968195261,18.400089263916016,drone1
1743168146.522229,-0.14612463116645813,-0.3991795480251312,1.132390022277832,5.3151456511600284e-05,-0.005717969094880544,0.0011133511502638411,-0.9999830398526277,18.60012459754944,drone1
1743168146.7221694,-0.14020247757434845,-0.44249117374420166,1.0161235332489014,0.0027064262913572145,-0.004635050274147411,0.0012900728860699704,-0.9999847678734166,18.80006504058838,drone1
1743168146.922172,-0.12673725187778473,-0.48628151416778564,0.8963630199432373,0.004861270108489154,-0.003069171127918261,0.001424521332819839,-0.9999824919435969,19.000067710876465,drone1
1743168147.1221604,-0.10908523947000504,-0.5269362330436707,0.7714146375656128,0.006812146063250019,-0.0011484782435917684,0.0014414643659211301,-0.999975158391956,19.200056076049805,drone1
1743168147.3221655,-0.09016615897417068,-0.561210036277771,0.6433858871459961,0.008003458675819076,0.0006235553797291495,0.0014006240697141403,-0.9999668554627994,19.40006113052368,drone1
1743168147.5221708,-0.07269934564828873,-0.5863311886787415,0.5121917724609375,0.008123936430104228,0.0019588370169998652,0.0012910422635857846,-0.9999642423581917,19.600066423416138,drone1
1743168147.722142,-0.05793499946594238,-0.6018409729003906,0.379635214805603,0.007385362794697291,0.0026463793799387145,0.0011473215101636682,-0.9999686256304369,19.800037622451782,drone1
1743168147.9221342,-0.04542263597249985,-0.6088606119155884,0.24699096381664276,0.006024433976927062,0.0029171812780636854,0.0010626484915052805,-0.9999770128532905,20.000029802322388,drone1
1743168148.1221306,-0.0356028787791729,-0.610690712928772,0.11439503729343414,0.0045702842327848305,0.002984982880335936,0.0010315862641527287,-0.9999845571391739,20.200026273727417,drone1
1743168148.3221653,-0.026531636714935303,-0.6097798943519592,-0.01836434006690979,0.0031777064759542493,0.002859146662576665,0.00103369360657829,-0.9999903734042684,20.400060892105103,drone1
1743168148.5221353,-0.026521405205130577,-0.6050387024879456,-0.035556793212890625,0.0009158774936889611,0.0010635457892666327,0.0009547104124688067,-0.9999985498928796,20.60003089904785,drone1
1743168148.722191,-0.028800174593925476,-0.5975456833839417,-0.03503216803073883,0.0006192952347274946,0.0010833422854313432,0.0008871490143059214,-0.9999988449208191,20.800086736679077,drone1
1743168148.922207,-0.03317226842045784,-0.5967894792556763,0.0025054365396499634,0.00037977269842704396,0.0011114560649650225,0.0008062692120135441,-0.9999989713613647,21.000102758407593,drone1
1743168149.1221685,-0.036367665976285934,-0.5996296405792236,0.09446178376674652,0.000183146866457405,0.001132143664456855,0.0007411523310640878,-0.9999990978019102,21.200064182281494,drone1
1743168149.3221629,-0.04050876572728157,-0.6056557893753052,0.18164987862110138,4.497076967979932e-06,0.001139882385606287,0.0006395784261529204,-0.9999991820956072,21.40005850791931,drone1
1743168149.522163,-0.047053493559360504,-0.6107606887817383,0.2465580850839615,-0.00013466823597923,0.0011766649363503126,0.0005745036920520309,-0.9999991820956073,21.600058555603027,drone1
1743168149.722266,-0.05219084769487381,-0.61530601978302,0.29095160961151123,-0.000193823601611016,0.0012213729056117831,0.0005111148318917015,-0.9999990978019102,21.800161600112915,drone1
1743168149.9221852,-0.05490584298968315,-0.6198367476463318,0.32017743587493896,-0.00024324872518316674,0.0012416137238139813,0.00044768382488274977,-0.9999991399487588,22.000080823898315,drone1
1743168150.122159,-0.057519860565662384,-0.6238145232200623,0.33684492111206055,-0.0003040909937311821,0.0012343983809122686,0.0003811339510840784,-0.9999991820956071,22.20005464553833,drone1
1743168150.322175,-0.059089530259370804,-0.6246846914291382,0.3439924120903015,-0.00034538066424687306,0.0012201180902108538,0.00033245434105400046,-0.9999991399487587,22.400070667266846,drone1
1743168150.5221698,-0.059004511684179306,-0.6252089142799377,0.3457983732223511,-0.00035499895374015123,0.001190213172513041,0.00027163643865285586,-0.9999991820956073,22.60006546974182,drone1
1743168150.7221513,-0.05680718272924423,-0.6244304776191711,0.3451961874961853,-0.0003844290196886767,0.0011484362202204745,0.00020340069091367993,-0.9999993085361527,22.800046920776367,drone1
1743168150.9221635,-0.0530327707529068,-0.6219622492790222,0.34496504068374634,-0.00038953117558233636,0.0011052086178539174,0.00011683106407234252,-0.9999993085361528,23.000059127807617,drone1
1743168151.1221516,-0.04951232299208641,-0.6191063523292542,0.3442000150680542,-0.000400670620570991,0.0010432504456371252,4.61086522710042e-05,-0.9999993928298498,23.200047254562378,drone1
1743168151.3221772,-0.04727622866630554,-0.618584930896759,0.34095513820648193,-0.00043187062778229945,0.0010437234658094998,4.282119808718405e-05,-0.9999993928298498,23.400072813034058,drone1
1743168151.5221624,-0.04475698992609978,-0.6202755570411682,0.3337268829345703,-0.0004633551468005723,0.001036965482068581,0.00010022520575897482,-0.9999993928298497,23.60005807876587,drone1
1743168151.7222438,-0.04339662566781044,-0.6226624846458435,0.3234371542930603,-0.0005101150995898852,0.001031598344328522,0.00015008492754736707,-0.9999993506830013,23.80013942718506,drone1
1743168151.9221976,-0.043528977781534195,-0.625381588935852,0.31230300664901733,-0.0005503363433799218,0.0010434291169939473,0.00023775037245005187,-0.9999993506830013,24.00009322166443,drone1
1743168152.122221,-0.045396607369184494,-0.6288573741912842,0.30243974924087524,-0.0005947258652127511,0.001085319462418982,0.0003000434145492004,-0.9999992663893043,24.200116634368896,drone1
1743168152.3221374,-0.04852978512644768,-0.6306265592575073,0.29299449920654297,-0.0005989940773846299,0.001132614791313769,0.0003901112298169141,-0.9999991399487587,24.400032997131348,drone1
1743168152.5221426,-0.050915271043777466,-0.6296178698539734,0.28166651725769043,-0.0005858283321039443,0.001155036215018025,0.000493623889759709,-0.9999990556550618,24.600038290023804,drone1
1743168152.7221618,-0.05209441855549812,-0.6265215277671814,0.26930534839630127,-0.0005347275214517155,0.0011211190943258118,0.0005908566692742757,-0.9999990978019102,24.800057411193848,drone1
1743168152.9222124,-0.05378398671746254,-0.6239451766014099,0.2553773522377014,-0.0005116104277928395,0.0011106360947345205,0.0006721157932032541,-0.9999990978019102,25.000108003616333,drone1
1743168153.122131,-0.05749449506402016,-0.62261563539505,0.23954693973064423,-0.0004970907973218047,0.001156331716121838,0.0007695593069604879,-0.9999989292145162,25.200026750564575,drone1
1743168153.3221536,-0.06154309958219528,-0.6223280429840088,0.22269578278064728,-0.000524420476721151,0.0011589786534536113,0.0008726083515696593,-0.9999988027739706,25.400049209594727,drone1
1743168153.5221465,-0.06327998638153076,-0.6240596175193787,0.20566363632678986,-0.0005281999665500432,0.0011521616270816486,0.0009484305320408005,-0.9999987606271221,25.60004210472107,drone1
1743168153.7221594,-0.062168609350919724,-0.6277133226394653,0.19054509699344635,-0.0005545766291487592,0.001127904489981875,0.001038119025671913,-0.9999986763334251,25.800055027008057,drone1
1743168153.9221463,-0.05989890918135643,-0.6340303421020508,0.17436711490154266,-0.0005948462142215849,0.0010910874891282758,0.0011141097935370992,-0.9999986341865766,26.000041961669922,drone1
1743168154.122152,-0.05758943036198616,-0.6400164365768433,0.16036097705364227,-0.0006540593465544306,0.0010708247949007032,0.0012357455983394994,-0.9999984655991825,26.200047731399536,drone1
1743168154.3221364,-0.053606633096933365,-0.6434257626533508,0.14599789679050446,-0.0006897950481951961,0.001008014517539371,0.0013164989600862875,-0.9999983813054856,26.40003204345703,drone1
1743168154.5221505,-0.04579717665910721,-0.6475368738174438,0.1332242637872696,-0.0007259054616610039,0.0009461589650784866,0.0013935433991643098,-0.9999983813054856,26.600046157836914,drone1
1743168154.7221456,-0.03696858510375023,-0.6498449444770813,0.13929037749767303,-0.0007763184328644027,0.0008623133355660753,0.0014838640955232019,-0.99999825486494,26.80004119873047,drone1
1743168154.9221349,-0.02930334582924843,-0.6514846086502075,0.14801858365535736,-0.0007870946738360482,0.0008127835612970436,0.001566766946544118,-0.9999981284243945,27.000030517578125,drone1
1743168155.1221213,-0.023927776142954826,-0.6528200507164001,0.1526181548833847,-0.0008195255242062867,0.0008174567548678216,0.0016747893192775032,-0.9999980019838489,27.200016975402832,drone1
1743168155.3221176,-0.020307151600718498,-0.6523730158805847,0.15220342576503754,-0.0008004946976116685,0.0008281243954833132,0.0017859727056492303,-0.9999977491027578,27.400013208389282,drone1
1743168155.522116,-0.01619787886738777,-0.653332531452179,0.14933399856090546,-0.0007899722342262486,0.0008397263779534438,0.0019105166429989051,-0.9999975383685153,27.600011587142944,drone1
1743168155.7221746,-0.013022756204009056,-0.6562243103981018,0.1444951444864273,-0.0008183136463574546,0.0008359848959179322,0.002013776421850577,-0.9999972854874244,27.80007028579712,drone1
1743168155.9221158,-0.013271641917526722,-0.6602886319160461,0.13756297528743744,-0.0008708414988418617,0.0008769181739148136,0.002110039823849441,-0.9999970326063332,28.000011444091797,drone1
1743168156.1221082,-0.015558693557977676,-0.6630008816719055,0.12935422360897064,-0.0008982051849265258,0.0009166483193924449,0.00222556433561788,-0.9999967375783936,28.20000386238098,drone1
1743168156.322128,-0.018755313009023666,-0.6626009941101074,0.11900730431079865,-0.0008820781238415799,0.0009453239460770015,0.0023260002756193554,-0.9999965268441511,28.400023698806763,drone1
1743168156.5221457,-0.022852791473269463,-0.661751389503479,0.10752229392528534,-0.0008614518615968111,0.0009985614969932016,0.0024427048991459976,-0.9999961475225145,28.600041389465332,drone1
1743168156.7221253,-0.026210471987724304,-0.6601617336273193,0.09409479796886444,-0.0008510361724570663,0.0010171994435873646,0.0025389261542963504,-0.9999959367882719,28.800020933151245,drone1
1743168156.9221165,-0.027897847816348076,-0.6581869721412659,0.0813850611448288,-0.0008363251421986412,0.001012651504345962,0.002633503682354821,-0.9999956839071809,29.000012159347534,drone1
1743168157.1221502,-0.027902452275156975,-0.65550696849823,0.06996385753154755,-0.0008403333064630514,0.0009604801935818547,0.0027371006359945826,-0.9999955153197868,29.200045824050903,drone1
1743168157.3222506,-0.02567695453763008,-0.6508452296257019,0.058774128556251526,-0.0008238698326752156,0.0009041517794520747,0.002826789129625751,-0.9999952624386956,29.40014624595642,drone1
1743168157.5221086,-0.023583101108670235,-0.646152675151825,0.04866214096546173,-0.0008078538244459171,0.0008624336845749091,0.0029172784133786323,-0.9999950517044532,29.600004196166992,drone1
1743168157.7221186,-0.02300161123275757,-0.6405180096626282,0.037985846400260925,-0.0007838674443191853,0.0008691671864092556,0.002989981727059887,-0.9999949252639075,29.80001425743103,drone1
1743168157.922133,-0.023674512282013893,-0.6345763206481934,0.02712927758693695,-0.0007646813700370245,0.0008992138120809404,0.0030854864857856046,-0.9999945880891197,30.000028610229492,drone1
1743168158.122132,-0.025561310350894928,-0.6282687187194824,0.015673533082008362,-0.0007357481296158614,0.000919517485269498,0.0032009688507054768,-0.9999941666206345,30.20002770423889,drone1
1743168158.3221214,-0.026204658672213554,-0.623959481716156,0.003469213843345642,-0.0007304426172360883,0.0009367370556154405,0.003305745916103553,-0.9999939137395434,30.400017023086548,drone1
1743168158.5221565,-0.025592206045985222,-0.6229521036148071,-0.007772490382194519,-0.0007637525187329098,0.0009382448961640463,0.0034342938040617943,-0.9999934079773612,30.60005211830139,drone1
1743168158.722181,-0.025380847975611687,-0.6230993866920471,-0.012792453169822693,-0.0007846830182506088,0.0009138904591132182,0.0034911920495514503,-0.9999932393899673,30.800076723098755,drone1
1743168158.9221773,-0.024111339822411537,-0.6264638900756836,-0.01933141052722931,-0.000832068953608912,0.0009300135682880063,0.0035689108382055967,-0.9999929022151791,31.000072956085205,drone1
1743168159.1222062,-0.023801280185580254,-0.6276284456253052,-0.02678591012954712,-0.0008653455574490487,0.000932360271062687,0.0036878492447032785,-0.999992480746694,31.200101852416992,drone1
1743168159.3221757,-0.023830680176615715,-0.628740668296814,-0.034843385219573975,-0.0008780492462944422,0.0009503569393626859,0.0038065769169584596,-0.9999919328376634,31.400071382522583,drone1
1743168159.522175,-0.025876495987176895,-0.6292499303817749,-0.04303443431854248,-0.0008902234396310227,0.0009991631442846701,0.003908993758840018,-0.9999915113691783,31.60007071495056,drone1
1743168159.7221682,-0.02822776883840561,-0.6274506449699402,-0.05029202997684479,-0.0008820134630027025,0.0010120520796422076,0.003983804414946834,-0.9999912163412387,31.800063848495483,drone1
1743168159.9221747,-0.028733961284160614,-0.6248574256896973,-0.05736304819583893,-0.0008561656939619601,0.0009783203392289914,0.0040735772022749694,-0.9999908791664507,32.000070333480835,drone1
1743168160.1222146,-0.029528334736824036,-0.6217513084411621,-0.06513307988643646,-0.0008741764978169254,0.0009319368037920987,0.004168196877181951,-0.9999904998448139,32.20011019706726,drone1
1743168160.3221543,-0.03237585350871086,-0.6202380061149597,-0.07259991765022278,-0.0008794598794998151,0.0009599747863963727,0.004268422082940815,-0.9999900783763289,32.400049924850464,drone1
1743168160.5221872,-0.036067571491003036,-0.6204118132591248,-0.07959574460983276,-0.0009323482243284598,0.0009665576204501233,0.004357478373844426,-0.9999896147609952,32.600082874298096,drone1
1743168160.7221751,-0.03921838849782944,-0.6213656067848206,-0.08655697852373123,-0.000991674083531947,0.0009641305006447239,0.00446925181609531,-0.9999891089988131,32.80007076263428,drone1
1743168160.9221506,-0.040498036891222,-0.622775673866272,-0.09432978183031082,-0.0010204704650276664,0.000961924829292331,0.004555526414997124,-0.9999886453834795,33.000046253204346,drone1
1743168161.122157,-0.040746599435806274,-0.6244243383407593,-0.10226825624704361,-0.0010389586956438426,0.0009369779234141142,0.00466755273833902,-0.9999881396212975,33.2000527381897,drone1
1743168161.3221242,-0.041531119495630264,-0.6269509196281433,-0.10934801399707794,-0.0010729783846431743,0.0009226179282477177,0.004749106890207633,-0.9999877602996607,33.4000198841095,drone1
1743168161.5221496,-0.04130852222442627,-0.6289737820625305,-0.11630765348672867,-0.0010926962104635758,0.0008840665526796454,0.0048674973876746686,-0.9999871280969332,33.6000452041626,drone1
1743168161.7221456,-0.04011395201086998,-0.6304445266723633,-0.12102188915014267,-0.0011162451961323515,0.0008545992275176288,0.004976109816287322,-0.9999866644815996,33.80004119873047,drone1
1743168127.1221406,-0.07748930156230927,2.7175984382629395,-0.13602890074253082,7.252193611819348e-05,2.091713312219924e-05,0.006683225768372603,-0.9999777293497152,0.0,drone2
1743168127.3221464,-0.08042192459106445,2.7238330841064453,-0.13565950095653534,0.00011355588814206795,4.958532224109686e-05,0.006634166836705868,-0.9999779822308063,0.20000576972961426,drone2
1743168127.5221362,-0.08257400244474411,2.7330448627471924,-0.13778701424598694,0.0001672166079258761,4.82921028911063e-05,0.006603736812080985,-0.9999782351118973,0.3999955654144287,drone2
1743168127.7221427,-0.08371277898550034,2.741190195083618,-0.14186960458755493,0.0002112590099195718,6.773744563157201e-05,0.006589491177284301,-0.9999783194055945,0.6000020503997803,drone2
1743168127.9221044,-0.08323971182107925,2.746847152709961,-0.14596931636333466,0.0002352685805882546,7.487425195582876e-05,0.006557543866113069,-0.9999784879929884,0.7999637126922607,drone2
1743168128.1221101,-0.08098182827234268,2.750929594039917,-0.14891763031482697,0.00022334678472411644,6.82323778434738e-05,0.00652947406500487,-0.9999786565803825,0.999969482421875,drone2
1743168128.3221533,-0.0774134024977684,2.755460262298584,-0.15107133984565735,0.0002188605068571528,4.090116012531584e-05,0.006524416443183467,-0.9999787408740795,1.2000126838684082,drone2
1743168128.5220933,-0.07408671826124191,2.759472608566284,-0.15730011463165283,0.0002368589604301539,1.543415328728275e-05,0.006503300872079509,-0.999978867314625,1.3999526500701904,drone2
1743168128.7221959,-0.06927967071533203,2.76310396194458,-0.15191596746444702,0.00026808738795288496,2.0125017266980592e-06,0.006494407887043696,-0.9999789094614735,1.60005521774292,drone2
1743168128.9221306,-0.06846535205841064,2.7645554542541504,-0.10588467866182327,0.00023716357842412764,9.147080318908837e-07,0.006474936043031676,-0.9999790780488675,1.799989938735962,drone2
1743168129.1221204,-0.07151946425437927,2.7654004096984863,-0.048406973481178284,0.00020419086200515119,8.756040705369717e-05,0.006421535985968396,-0.9999793730768072,1.9999797344207764,drone2
1743168129.3221385,-0.07307581603527069,2.766766309738159,0.0013283640146255493,0.00017273116960034144,0.00012893555716101226,0.006382465857398767,-0.9999795838110497,2.199997901916504,drone2
1743168129.5221136,-0.07129933685064316,2.7690389156341553,0.03895248472690582,0.0001727011929630308,8.273721164259481e-05,0.006414666049661122,-0.9999794152236556,2.399972915649414,drone2
1743168129.7221363,-0.06766002625226974,2.7754099369049072,0.06345070898532867,0.00020556949406333921,-3.259064741640101e-06,0.006447414150954123,-0.9999792044894131,2.5999956130981445,drone2
1743168129.92212,-0.06670437008142471,2.7816572189331055,0.08019618690013885,0.00024012622610893077,-1.9199957737996796e-05,0.0064385211659183095,-0.9999792466362616,2.7999794483184814,drone2
1743168130.122199,-0.068618543446064,2.7852907180786133,0.09019337594509125,0.00025227467447115235,-4.5848280235466025e-06,0.0064357394739165685,-0.9999793309299586,3.00005841255188,drone2
1743168130.322224,-0.0749683603644371,2.7868545055389404,0.09957490861415863,0.00021808282238689388,8.275502321358419e-05,0.006388366416190339,-0.9999795838110497,3.2000832557678223,drone2
1743168130.522188,-0.08274752646684647,2.7868311405181885,0.10726441442966461,0.00022126390619806748,0.00016459193248540024,0.006340150421493884,-0.9999799209858378,3.4000473022460938,drone2
1743168130.7221675,-0.08847254514694214,2.7848658561706543,0.11425025761127472,0.00018769668341885322,0.00019214964851605,0.006298467188316559,-0.9999801317200803,3.600026845932007,drone2
1743168130.922178,-0.09241599589586258,2.7829179763793945,0.1184021383523941,0.00014797103569088275,0.0001847158127335207,0.006287171832915661,-0.9999802160137773,3.800037384033203,drone2
1743168131.1221995,-0.09590065479278564,2.7834222316741943,0.11940579116344452,0.00015539454682676429,0.00019306654167444449,0.006294716118799115,-0.999980173866929,4.000058889389038,drone2
1743168131.3221667,-0.09902264922857285,2.7854504585266113,0.13021482527256012,-0.0015884550397794995,-0.0036384242446081115,0.004938472680567019,-0.9999799631326863,4.200026035308838,drone2
1743168131.5221796,-0.09863201528787613,2.7840707302093506,0.21260304749011993,-0.0018397478861277364,-0.003098680013412585,0.0014175249559670309,-0.9999925228935426,4.400038957595825,drone2
1743168131.7221835,-0.09360826760530472,2.7801342010498047,0.3650205731391907,-0.0005367760887799227,-0.001251972875878617,-0.0021580450843032284,-0.9999967375783936,4.600042819976807,drone2
1743168131.9221632,-0.08495055139064789,2.7740423679351807,0.5279797911643982,0.0015809242952176169,-0.00023733306102698956,-0.00441661040230501,-0.9999889825582676,4.800022602081299,drone2
1743168132.1221528,-0.07258525490760803,2.76838755607605,0.6747177243232727,0.005454569072389295,0.0003185916498887031,-0.005020448300920577,-0.9999725031404998,5.000012159347534,drone2
1743168132.3221714,-0.05992453917860985,2.7696664333343506,0.80021733045578,0.007293316876363657,0.000994214192596938,-0.004533104291589152,-0.9999626829247967,5.20003080368042,drone2
1743168132.5222342,-0.04965871199965477,2.7782344818115234,0.90701824426651,0.006292642526779598,0.0017105428530687276,-0.0036724656449967363,-0.9999720395251662,5.4000935554504395,drone2
1743168132.722164,-0.04161832109093666,2.7927262783050537,1.000353217124939,0.0036972850350497927,0.0020140745778765667,-0.0027705652337120523,-0.9999873388311757,5.60002326965332,drone2
1743168132.922159,-0.03549076244235039,2.809957981109619,1.0845474004745483,0.0008893549737714851,0.001591166514473177,-0.0019438548001708966,-0.9999964846973025,5.800018310546875,drone2
1743168133.1221716,-0.03107074648141861,2.824634313583374,1.1617189645767212,-0.0008093519823323039,0.0015902121600040145,-0.0012543745053811284,-0.9999976226622124,6.000030994415283,drone2
1743168133.3221521,-0.027445515617728233,2.8355824947357178,1.2349644899368286,-0.0018454284498945629,0.0014152684120513257,-0.0007279603674801293,-0.9999970326063332,6.200011491775513,drone2
1743168133.5221841,-0.02629549615085125,2.8416574001312256,1.2826043367385864,-0.0024248518398524758,0.0009799493776914614,-0.0005063943848582774,-0.9999964846973026,6.400043487548828,drone2
1743168133.7221487,-0.027156036347150803,2.850428342819214,1.364535927772522,-0.0023170630857832614,0.00033730361585658774,-0.0004875547435739258,-0.9999972011937273,6.600008010864258,drone2
1743168133.9221563,-0.029803739860653877,2.8535447120666504,1.459135890007019,-0.0022098248749227206,-0.00020959619532655117,-0.0004867118066037568,-0.9999974540748182,6.800015687942505,drone2
1743168134.1221836,-0.031742364168167114,2.8566150665283203,1.5429768562316895,-0.0013891155105285901,-0.0007187530920778672,-0.0004833400587228032,-0.9999987184802737,7.000042915344238,drone2
1743168134.322133,-0.03295844420790672,2.8569369316101074,1.534798502922058,-0.0008626695206818291,-0.001032788349688961,-0.000488229093150161,-0.9999989713613646,7.199992418289185,drone2
1743168134.5221581,-0.032421600073575974,2.8530778884887695,1.4440571069717407,-0.00010896256849560071,-0.0008070781927823666,-0.0005860519285439403,-0.9999995192703953,7.400017499923706,drone2
1743168134.72216,-0.032491736114025116,2.8494954109191895,1.3405903577804565,0.0008800026745208843,-0.00032548922448567575,-0.0006185050018973071,-0.9999993506830014,7.600019454956055,drone2
1743168134.922158,-0.034075722098350525,2.8492777347564697,1.2570985555648804,0.001007611869021529,-0.00031017569803075195,-0.0005702047135037747,-0.9999993506830013,7.800017356872559,drone2
1743168135.1221356,-0.03480590134859085,2.8516318798065186,1.2057241201400757,0.000506228832943001,-0.0003607457526788204,-0.0005720591748382686,-0.9999996878577895,7.999994993209839,drone2
1743168135.3221343,-0.03398405387997627,2.855912446975708,1.189326524734497,0.0007681859123890765,-0.007233046224448448,-0.0006079261429210452,-0.99997334607747,8.19999361038208,drone2
1743168135.5221646,-0.022839732468128204,2.860163688659668,1.2007570266723633,0.00044868744671294113,-0.023159458814891364,-0.0005909409629711329,-0.999731549607563,8.400023937225342,drone2
1743168135.722152,0.009456165134906769,2.865455389022827,1.2014973163604736,0.0012583257724291847,-0.02351932441254557,-0.0005418398844560538,-0.9997224880351332,8.600011348724365,drone2
1743168135.9221866,0.06336567550897598,2.8722760677337646,1.1893420219421387,0.0014930824015458497,-0.014896359747177054,-0.0004636996273167946,-0.99988787226869,8.80004596710205,drone2
1743168136.1221395,0.13234969973564148,2.8807485103607178,1.1787195205688477,0.0018665013390827185,-0.007306600871542435,-0.0006843805261198548,-0.9999714073224386,8.999998807907104,drone2
1743168136.3221335,0.20376628637313843,2.892186403274536,1.1751189231872559,0.0003486288115555252,-0.0011566695906133424,-0.00118242983497302,-0.9999985920397281,9.199992895126343,drone2
1743168136.5221488,0.2690032124519348,2.904383659362793,1.1799226999282837,-0.0013308508675028822,0.003681698521316794,-0.0015626365553897956,-0.9999911320475416,9.400008201599121,drone2
1743168136.7221484,0.3255280554294586,2.915093183517456,1.191042184829712,-0.002467313801910439,0.004970516386190661,-0.0014552042385355122,-0.9999835877616582,9.600007772445679,drone2
1743168136.922121,0.3744160234928131,2.9224579334259033,1.2054411172866821,-0.0029839874903119976,0.00019098399885174877,-0.0006093591357703709,-0.9999953467323928,9.799980401992798,drone2
1743168137.1221263,0.42018818855285645,2.9245364665985107,1.2194067239761353,-0.00233188968031308,0.0009695783306665272,0.0005597522950732127,-0.9999966532846967,9.999985694885254,drone2
1743168137.3221145,0.46392419934272766,2.922652244567871,1.2331149578094482,-0.0010468295938788578,-0.003450409046716473,0.0012780188873959262,-0.9999926914809365,10.199973821640015,drone2
1743168137.5222006,0.5095245838165283,2.9195895195007324,1.2484703063964844,0.0004369940011569475,-0.007326016903907415,0.001275321489091263,-0.9999722924062573,10.400059938430786,drone2
1743168137.72218,0.5589653253555298,2.9160025119781494,1.2635167837142944,0.0008031351986999741,-0.00587964407649608,0.0007154006066240056,-0.9999821969156573,10.60003924369812,drone2
1743168137.9221597,0.6114258766174316,2.914257287979126,1.2796992063522339,0.000819659973720721,-0.002115080076559247,-3.3548891414603283e-05,-0.9999974540748183,10.800019025802612,drone2
1743168138.1221774,0.6633808612823486,2.914886474609375,1.2962511777877808,0.0009749775775962292,-0.0010248851158896287,-0.0006542455294344941,-0.9999987606271221,11.000036716461182,drone2
1743168138.322244,0.7125217318534851,2.9178314208984375,1.3123658895492554,0.004344245745137096,-0.002810426768144136,-0.0008935974821279171,-0.9999862430131143,11.200103282928467,drone2
1743168138.5221848,0.7449764609336853,2.922668218612671,1.3223687410354614,0.007370201453762258,-0.002986879488518804,-0.0008919116081874125,-0.9999680355745577,11.400044202804565,drone2
1743168138.7221918,0.8088775277137756,2.9405524730682373,1.3372753858566284,0.006767916897004883,-0.0001580523282770614,-0.0007919814303681827,-0.9999767599721994,11.600051164627075,drone2
1743168138.9221566,0.8583419322967529,2.9601798057556152,1.3673821687698364,0.009998773131660551,0.0007390584888010004,-0.0008626195484723875,-0.9999494488143644,11.800015926361084,drone2
1743168139.1221483,0.9073487520217896,2.9869472980499268,1.3963794708251953,0.011703369821730513,0.0019738146240171695,-0.0009611167334422909,-0.9999291761802307,12.000007629394531,drone2
1743168139.3221426,0.9520419239997864,3.0237581729888916,1.4079153537750244,0.008463043387777803,0.002772992958040869,-0.0012482210654986001,-0.9999596062048555,12.200001955032349,drone2
1743168139.522144,0.9949731826782227,3.066230297088623,1.4066061973571777,0.004103284444719293,0.004125936459326481,-0.00122428165554439,-0.9999823655030513,12.400003433227539,drone2
1743168139.7221503,1.0334086418151855,3.1089353561401367,1.3999991416931152,0.0016280321653023033,0.002578355354258894,-0.001090381117825223,-0.9999947988233622,12.600009679794312,drone2
1743168139.9221575,1.0681333541870117,3.150751829147339,1.3929532766342163,0.0024809932530665065,0.0004440770589306195,-0.0011226234569361448,-0.999996189669363,12.8000168800354,drone2
1743168140.1221325,1.1010007858276367,3.1932060718536377,1.386985421180725,0.00023815797034142412,0.0008066340045118548,-0.0008864746647295196,-0.9999992663893043,12.99999189376831,drone2
1743168140.322165,1.1338669061660767,3.2343873977661133,1.3841826915740967,0.0023339980620042983,-0.002138665014642255,-0.0005090074894659736,-0.9999948831170591,13.200024366378784,drone2
1743168140.5221212,1.1704719066619873,3.2769718170166016,1.3848721981048584,0.0018256370471601533,-0.0015403472521775042,4.084029620715625e-05,-0.9999971590468787,13.399980545043945,drone2
1743168140.7221277,1.2079802751541138,3.3189258575439453,1.3878569602966309,0.002272697004019136,-0.001914835398461632,0.00028516557702479284,-0.9999955996134837,13.599987030029297,drone2
1743168140.9221268,1.2456516027450562,3.3606107234954834,1.3922946453094482,0.003602389759266244,-0.0015017513168126845,-2.1494892739616165e-06,-0.9999923543061485,13.799986124038696,drone2
1743168141.1221144,1.2838636636734009,3.400731086730957,1.397297978401184,0.0008903579576366585,0.0013046110586848543,-0.000549805638824563,-0.9999986763334252,13.999973773956299,drone2
1743168141.3221304,1.3189399242401123,3.4404189586639404,1.4029983282089233,0.001398906421001146,0.0031978659536199537,-0.0009696725436900697,-0.9999934501242097,14.199989795684814,drone2
1743168141.5221107,1.3518986701965332,3.4792325496673584,1.4080874919891357,0.0023344538468321285,0.004127233597788027,-0.0009172418641425482,-0.9999883925023885,14.399970054626465,drone2
1743168141.7221532,1.3802791833877563,3.5199191570281982,1.4139243364334106,0.008773994933557083,0.007363007348920927,-0.000563545511439056,-0.9999342759489005,14.60001254081726,drone2
1743168141.922085,1.397485613822937,3.5591742992401123,1.4196240901947021,0.007938558167899647,0.008681020261672034,-0.00016900886252857407,-0.999930777760474,14.799944400787354,drone2
1743168142.122134,1.4101297855377197,3.6115076541900635,1.4268656969070435,0.004137172022230249,0.008156850319977076,-0.0001379044883276221,-0.9999581732120062,14.999993324279785,drone2
1743168142.322111,1.415772557258606,3.667660713195801,1.4352208375930786,0.004809177838500643,0.009683513881618429,-0.00018746918217638016,-0.9999415673536929,15.199970245361328,drone2
1743168142.522113,1.4153755903244019,3.7263925075531006,1.4439311027526855,0.0028395118802476966,0.009005680769633023,-0.00013259398541520752,-0.9999553915200045,15.399972438812256,drone2
1743168142.7220974,1.41030752658844,3.7868669033050537,1.451619267463684,0.0003216897725265086,0.007180501287428883,3.6752051901567825e-05,-0.9999741890144404,15.599956750869751,drone2
1743168142.9221146,1.400269627571106,3.845599412918091,1.4572343826293945,-0.0028228819850597397,0.005318876964336218,0.00012471252474377558,-0.9999819018877179,15.799973964691162,drone2
1743168143.1221464,1.3854082822799683,3.8985707759857178,1.4625505208969116,-0.001334995828954189,0.0044179805041540164,-0.00014532233366548714,-0.9999893618799043,16.0000057220459,drone2
1743168143.3221855,1.368044376373291,3.9454667568206787,1.4684553146362305,0.001825404292835614,0.0033605457918366075,-0.000715653487714851,-0.999992480746694,16.200044870376587,drone2
1743168143.5221968,1.352210521697998,3.9827420711517334,1.474292516708374,0.0012897699967553767,0.0020012567910502868,-0.00114643642634471,-0.9999965689909995,16.40005612373352,drone2
1743168143.7221363,1.3273664712905884,4.037992477416992,1.4831304550170898,0.0032353696517592517,0.0010896711245277316,-0.0009241960941467896,-0.9999937451521493,16.599995613098145,drone2
1743168143.9221306,1.3089767694473267,4.077425003051758,1.5231021642684937,0.004462420404641703,0.0005000713697650535,0.05121862047807596,-0.998677414779457,16.799989938735962,drone2
1743168144.122137,1.2911797761917114,4.1222920417785645,1.5553072690963745,0.0018998767863375983,0.0002781254892802411,0.050406197826179944,-0.9987269794733058,16.999996423721313,drone2
1743168144.3221316,1.2725738286972046,4.16710090637207,1.5542768239974976,0.0029682017257064226,0.0033364360246500076,0.040806873756187245,-0.9991570880623597,17.19999098777771,drone2
1743168144.5221217,1.2513619661331177,4.212187767028809,1.5351611375808716,0.0021317056088898364,0.006223575860507509,0.022908582333308503,-0.9997159131267656,17.399981021881104,drone2
1743168144.7221417,1.2256563901901245,4.257720470428467,1.5141876935958862,-0.002710338375006763,0.008860865515238608,0.004051955868988933,-0.9999488587584853,17.600001096725464,drone2
1743168144.9221148,1.1959279775619507,4.300539016723633,1.5011876821517944,-0.005972482018077656,0.006801661417297459,-0.00857448130160171,-0.9999223062439233,17.79997420310974,drone2
1743168145.1221292,1.1627964973449707,4.337484836578369,1.4977983236312866,-0.008797172202524139,0.008801805473120464,-0.01191685282906113,-0.9998516259789706,17.999988555908203,drone2
1743168145.3221202,1.122513771057129,4.363618850708008,1.5090059041976929,-0.022592946231171484,0.012100485001662003,-0.009000206618410278,-0.9996310293738646,18.199979543685913,drone2
1743168145.5221078,1.0708367824554443,4.370037078857422,1.519882321357727,-0.02468783195807544,0.006351738829200827,-0.0033428772896414434,-0.9996695094465551,18.399967193603516,drone2
1743168145.7221167,1.0131250619888306,4.355000972747803,1.5225789546966553,-0.02164646268596869,-0.0005879228534910968,0.0024580042051554063,-0.9997625275412186,18.599976062774658,drone2
1743168145.922115,0.9556654691696167,4.322410583496094,1.5195016860961914,-0.01510770577757944,-0.005118572091154545,0.005984346726364942,-0.9998549134331545,18.79997444152832,drone2
1743168146.122212,0.9136208295822144,4.285676002502441,1.5174150466918945,-0.009363209686736656,-0.007289193235290673,0.004580856670952093,-0.9999191452302851,19.00007128715515,drone2
1743168146.3221936,0.8740727305412292,4.237432479858398,1.5151580572128296,-0.004926781869188962,-0.007082214507429102,-0.001210288901838719,-0.9999620507220692,19.200052976608276,drone2
1743168146.522229,0.8472456336021423,4.189781665802002,1.5154279470443726,-0.0024966983871288827,-0.0034088120005516804,-0.009321070576123747,-0.999947678646727,19.4000883102417,drone2
1743168146.7221694,0.8276132345199585,4.147301197052002,1.5170526504516602,-0.0016879934247756097,0.0006505769837758574,-0.015320548021103997,-0.9998810444792312,19.60002875328064,drone2
1743168146.922172,0.8080136775970459,4.111475944519043,1.5173217058181763,-0.0009434670203453728,0.001631987116083542,-0.014745833594809354,-0.9998895581426304,19.800031423568726,drone2
1743168147.1221604,0.7902635931968689,4.076179504394531,1.5158228874206543,-0.0011453155012741164,0.0026507964849079467,-0.010976514491934541,-0.9999356246480529,20.000019788742065,drone2
1743168147.3221655,0.7708758115768433,4.038820743560791,1.5044288635253906,-0.004982879159920833,0.005975718311585167,-0.006495714439347433,-0.9999486901710912,20.200024843215942,drone2
1743168147.5221708,0.7423805594444275,3.996650457382202,1.489792823791504,-0.005529904351804438,0.005394684564220319,-0.0008268790209352003,-0.9999698478890436,20.4000301361084,drone2
1743168147.722142,0.7066587805747986,3.950051784515381,1.4797283411026,-0.0019741765765422486,0.002364919844450742,0.003656491989411259,-0.999988603236631,20.600001335144043,drone2
1743168147.9221342,0.6688705086708069,3.901432752609253,1.47407066822052,-0.0017660499232851996,0.0002093797811377377,0.005265110756526525,-0.9999845992860225,20.79999351501465,drone2
1743168148.1221306,0.6332754492759705,3.8534693717956543,1.4703433513641357,-0.0014829164499759982,-0.0018763780249771952,0.0044877121357430605,-0.9999870859500846,20.999989986419678,drone2
1743168148.3221653,0.6006348729133606,3.8069560527801514,1.4690169095993042,-8.618042703709781e-05,-0.003157454863795852,0.002681846117596809,-0.9999914270754813,21.200024604797363,drone2
1743168148.5221353,0.5745376348495483,3.7614145278930664,1.468772053718567,0.00163958468233359,-0.0038597196477551635,0.0011661190045995638,-0.9999905419916626,21.399994611740112,drone2
1743168148.722191,0.5529780387878418,3.717947244644165,1.470678687095642,0.0007483961560158155,-0.0023273099560094093,0.00010873886915813132,-0.9999970326063332,21.600050449371338,drone2
1743168148.922207,0.5346932411193848,3.6823337078094482,1.4939475059509277,-0.001060044009714586,-0.000629747611999042,-0.0005230423900201009,-0.9999991399487588,21.800066471099854,drone2
1743168149.1221685,0.51500004529953,3.6461598873138428,1.5159841775894165,0.000591437073360492,-0.0010921071012421533,-0.00136846602430013,-0.9999983391586371,22.000027894973755,drone2
1743168149.3221629,0.4965357482433319,3.612712860107422,1.5108903646469116,0.0015284485310956624,-0.0016281370539497138,-0.0018845541843161007,-0.9999957682008778,22.200022220611572,drone2
1743168149.522163,0.4792020916938782,3.58142352104187,1.4864078760147095,0.0003521186652780003,-0.0009607882637894939,-0.0019108538177868284,-0.9999977069559094,22.400022268295288,drone2
1743168149.722266,0.461581826210022,3.553760290145874,1.4578015804290771,-0.0002007748681650275,-0.0009980209502842413,-0.002448057548906757,-0.9999965268441511,22.600125312805176,drone2
1743168149.9221852,0.4462662637233734,3.523454189300537,1.4327055215835571,-0.000346739982429413,-0.0013414462724098796,-0.001813873919363329,-0.9999974119279698,22.800044536590576,drone2
1743168150.122159,0.4331655502319336,3.489417552947998,1.4130867719650269,-0.0006671074181633462,-0.00016949468315987214,0.00041687447862132077,-0.9999996878577894,23.00001835823059,drone2
1743168150.322175,0.419521689414978,3.452676773071289,1.3991787433624268,-0.0021695154890661937,0.0013329679646190743,0.0017306760404028898,-0.9999953045855443,23.200034379959106,drone2
1743168150.5221698,0.4040846526622772,3.4162847995758057,1.3903844356536865,-0.00020814381657322718,0.0008989567584930315,0.0014780056835800859,-0.9999984655991826,23.400029182434082,drone2
1743168150.7221513,0.3891119062900543,3.380784511566162,1.386260986328125,-0.0019527244943395902,0.0017989966529206277,0.0009322461422125451,-0.9999960632288174,23.600010633468628,drone2
1743168150.9221635,0.37177327275276184,3.344870090484619,1.386734127998352,-0.0012546846772719872,0.0013056718324030428,0.00043533479826907145,-0.99999825486494,23.800022840499878,drone2
1743168151.1221516,0.35251766443252563,3.3116226196289062,1.3901159763336182,-8.384343779390945e-05,0.0005539844535795941,-0.0003410944449985797,-0.9999997721514864,24.00001096725464,drone2
1743168151.3221772,0.33041539788246155,3.279356002807617,1.3940184116363525,-0.002913657982627792,0.0007413005858964927,-0.0013747459047283028,-0.9999945880891197,24.20003652572632,drone2
1743168151.5221624,0.30654799938201904,3.243468999862671,1.3991202116012573,-0.0032393157327690256,-3.921616081418249e-05,-0.002097522209841607,-0.9999926071872395,24.40002179145813,drone2
1743168151.7222438,0.28325000405311584,3.2056758403778076,1.4046895503997803,-0.0012441134044197922,-0.0011755032535483503,-0.002042225544595322,-0.9999964846973025,24.60010313987732,drone2
1743168151.9221976,0.2616273760795593,3.169618844985962,1.4096065759658813,0.0007777234478620639,-0.00205488754448642,-0.001524999419669604,-0.9999964846973026,24.80005693435669,drone2
1743168152.122221,0.24319377541542053,3.1362929344177246,1.4150053262710571,-0.0003261977154786858,-0.001481775315820759,-0.0007258108782060014,-0.9999985920397281,25.000080347061157,drone2
1743168152.3221374,0.22680334746837616,3.101102113723755,1.4210102558135986,-5.237416819689979e-05,-0.0013861860164438608,0.00023678099493423802,-0.9999990556550618,25.19999670982361,drone2
1743168152.5221426,0.21043075621128082,3.0647501945495605,1.4273107051849365,0.0031027673522195658,-0.0023923818912960707,0.0005384259897266984,-0.9999921857187545,25.400002002716064,drone2
1743168152.7221618,0.19601096212863922,3.0320379734039307,1.4330567121505737,0.005077808103792476,-0.003028573834634651,0.00027580897665535603,-0.9999825340904454,25.60002112388611,drone2
1743168152.9222124,0.18395058810710907,3.0030393600463867,1.4388870000839233,0.005786128863047196,-0.0033764511234294116,-0.00015063283657784665,-0.9999775607623211,25.800071716308594,drone2
1743168153.122131,0.17574413120746613,2.9808874130249023,1.4464049339294434,0.006071965003017158,-0.0033134973965526764,-0.0004285070088101974,-0.9999760013289263,25.999990463256836,drone2
1743168153.3221536,0.16989587247371674,2.962958574295044,1.3852014541625977,0.0012046421502166487,-0.000543861019289539,-0.0006794914916925521,-0.9999988870676677,26.200012922286987,drone2
1743168153.5221465,0.16301262378692627,2.9437129497528076,1.24561607837677,-0.0004975335244468118,8.326206647057864e-05,-0.0014454261696810744,-0.9999988449208191,26.40000581741333,drone2
1743168153.7221594,0.15876348316669464,2.929067373275757,1.1365861892700195,-0.00013520475424783497,-2.2758372117054928e-06,-0.001795624333958079,-0.9999983813054856,26.600018739700317,drone2
1743168153.9221463,0.154154971241951,2.908834934234619,0.986910879611969,-6.470615239900799e-05,4.063851662640806e-05,-0.0016401024629528194,-0.9999986341865765,26.800005674362183,drone2
1743168154.122152,0.15002205967903137,2.8894193172454834,0.8467337489128113,-8.679356284330295e-05,3.687170120740701e-06,-0.001514420560693397,-0.9999988870676677,27.000011444091797,drone2
1743168154.3221364,0.14694620668888092,2.869269371032715,0.7100033164024353,-7.359333915620903e-05,-2.1827321377733243e-05,-0.001260907266900313,-0.9999992663893043,27.199995756149292,drone2
1743168154.5221505,0.14346279203891754,2.8508336544036865,0.5723626017570496,0.00010848813090919297,3.899654393821144e-05,-0.0011565095231388378,-0.9999993928298498,27.400009870529175,drone2
1743168154.7221456,0.13862557709217072,2.8336658477783203,0.4338247776031494,5.773753570546221e-05,5.074749541421351e-05,-0.0015164436094219358,-0.9999988870676677,27.60000491142273,drone2
1743168154.9221349,0.13393445312976837,2.818861246109009,0.29614967107772827,-0.00013737302490256548,6.0374246625620345e-05,-0.001829974015494451,-0.9999983391586371,27.799994230270386,drone2
1743168155.1221213,0.12999270856380463,2.8059170246124268,0.15629400312900543,-5.732444179697175e-05,4.755175512907809e-05,-0.0019586904908466263,-0.9999980862775459,27.999980688095093,drone2
1743168155.3221176,0.12769664824008942,2.7941067218780518,0.017358854413032532,-3.783101276678082e-05,2.1166466819216285e-05,-0.0019019608327510151,-0.99999825486494,28.199976921081543,drone2
1743168155.522116,0.12793271243572235,2.7917773723602295,-0.047767117619514465,-3.647367536264393e-05,2.101702351981491e-05,-0.001663873285512929,-0.9999986341865765,28.399975299835205,drone2
1743168155.7221746,0.12855525314807892,2.8001930713653564,-0.034647390246391296,6.613188067939735e-05,1.5478911161870705e-05,-0.001350005704652435,-0.9999990978019102,28.60003399848938,drone2
1743168155.9221158,0.12879298627376556,2.8084731101989746,-0.029980435967445374,0.00014547061936725735,3.530384050020132e-05,-0.0011968862040123152,-0.9999993085361528,28.799975156784058,drone2
1743168156.1221082,0.12890218198299408,2.815814971923828,-0.030491933226585388,0.00018570009496364382,2.4822137418410256e-05,-0.0011220334010569322,-0.9999993928298498,28.999967575073242,drone2
1743168156.322128,0.12931464612483978,2.8197739124298096,-0.03351512551307678,0.0001949363205998336,2.862925010248493e-05,-0.0010538819470148897,-0.9999994349766983,29.199987411499023,drone2
1743168156.5221457,0.12825487554073334,2.8222222328186035,-0.03898753225803375,0.00017887645742220665,2.877001399106625e-05,-0.0010913083484924702,-0.9999994349766983,29.400005102157593,drone2
1743168156.7221253,0.12594816088676453,2.822050094604492,-0.04478047788143158,0.00013548607880240098,6.97273999261298e-05,-0.0012745628458178948,-0.9999992663893043,29.599984645843506,drone2
1743168156.9221165,0.12162043899297714,2.822667121887207,-0.051385730504989624,0.0001370755946261885,0.00013048033761905824,-0.0013978845245606886,-0.9999990135082132,29.799975872039795,drone2
1743168157.1221502,0.11716589331626892,2.8228516578674316,-0.0565415620803833,0.00012129989050976167,0.00019008419553429075,-0.0014027735589879908,-0.9999990135082133,30.000009536743164,drone2
1743168157.3222506,0.11380651593208313,2.822566509246826,-0.06187175214290619,9.643688731776495e-05,0.00025749053219001875,-0.0007188987950502157,-0.9999997721514864,30.20010995864868,drone2
1743168157.5221086,0.11219143122434616,2.821094512939453,-0.06731870770454407,7.854278218000528e-05,0.0002888551240795331,0.0003064075886742845,-0.999999898592032,30.399967908859253,drone2
1743168157.7221186,0.11320007592439651,2.8194267749786377,-0.07513703405857086,6.738900355854395e-05,0.00025673857725948176,0.001146309985799343,-0.9999993085361528,30.59997797012329,drone2
1743168157.922133,0.11682701855897903,2.8168156147003174,-0.07091893255710602,3.889785744227482e-05,0.00021740194395930874,0.0014978989960772737,-0.9999988870676677,30.799992322921753,drone2
1743168158.122132,0.11914197355508804,2.8151893615722656,-0.050064221024513245,1.2300366348467922e-05,0.00019124137656703247,0.0018525647262963574,-0.99999825486494,30.999991416931152,drone2
1743168158.3221214,0.12128627300262451,2.8136115074157715,-0.028607919812202454,9.847627618244204e-06,0.0002095295588542721,0.0022593239612750393,-0.9999974540748182,31.19998073577881,drone2
1743168158.5221565,0.12477822601795197,2.8134548664093018,-0.011123940348625183,3.5299858363879434e-05,0.00021265795395992808,0.002570957759164605,-0.9999966954315451,31.400015830993652,drone2
1743168158.722181,0.12729401886463165,2.8127424716949463,0.0004918873310089111,4.0393026153980854e-05,0.0001990842146321522,0.002687451648448691,-0.9999964425504541,31.600040435791016,drone2
1743168158.9221773,0.13104763627052307,2.8105037212371826,0.015096724033355713,1.662826940614062e-05,0.00017614489197627863,0.002611755908523139,-0.999996611137848,31.800036668777466,drone2
1743168159.1222062,0.13268247246742249,2.8086607456207275,0.041764095425605774,1.9884442731908678e-07,0.0001490831012799491,0.0026178250547087556,-0.999996611137848,32.00006556510925,drone2
1743168159.3221757,0.13143526017665863,2.80586576461792,0.06773613393306732,-1.5158984580403445e-05,0.00017089360662083476,0.002811784851555865,-0.9999960210819689,32.200035095214844,drone2
1743168159.522175,0.12983635067939758,2.803123950958252,0.08899824321269989,-1.47653396007568e-05,0.0001942100746295026,0.003034699533330021,-0.9999953888792412,32.40003442764282,drone2
1743168159.7221682,0.13096772134304047,2.80135178565979,0.10505147278308868,-3.7380375389810065e-06,0.00017370359031200215,0.0030108444170727777,-0.9999954731729384,32.600027561187744,drone2
1743168159.9221747,0.13256166875362396,2.80000901222229,0.1169881671667099,8.977422789492605e-06,0.00012323091278817268,0.0029503215426112117,-0.9999956417603324,32.800034046173096,drone2
1743168160.1222146,0.13332988321781158,2.7979273796081543,0.12446494400501251,1.924992480321145e-06,0.00012071075041906528,0.0030060396763425534,-0.9999954731729382,33.00007390975952,drone2
1743168160.3221543,0.1344522386789322,2.795825481414795,0.12635694444179535,-1.603094381288332e-05,0.00011032096574492746,0.0030406000921214815,-0.9999953888792413,33.200013637542725,drone2
1743168160.5221872,0.13575290143489838,2.7944753170013428,0.12461777031421661,-9.435826360595124e-06,9.768286896150492e-05,0.003065255998500327,-0.9999953467323928,33.400046586990356,drone2
1743168160.7221751,0.1378779411315918,2.7940115928649902,0.12048123776912689,-3.454786227363917e-06,8.129580691611096e-05,0.003043128903032155,-0.9999953888792413,33.60003447532654,drone2
1743168160.9221506,0.14095808565616608,2.7941980361938477,0.11413727700710297,1.489000773560691e-05,6.8455410919203e-05,0.0029543676400681784,-0.9999956417603324,33.800009965896606,drone2
1743168161.122157,0.1433820128440857,2.795548677444458,0.10660301148891449,1.5171577958021014e-05,4.930357194791909e-05,0.0029210294828961314,-0.9999957682008779,34.00001645088196,drone2
1743168161.3221242,0.14398504793643951,2.797755241394043,0.09884665906429291,6.066607163687213e-05,6.19974021601551e-05,0.0030489451681267044,-0.9999953888792412,34.19998359680176,drone2
1743168161.5221496,0.14374174177646637,2.8008644580841064,0.09109704196453094,8.304481623881009e-05,6.859751762119509e-05,0.003161561547347813,-0.9999950517044531,34.40000891685486,drone2
1743168161.7221456,0.14185215532779694,2.802359104156494,0.08222641050815582,4.911656074228889e-05,6.938386220897793e-05,0.0032427785244282803,-0.9999947566765136,34.60000491142273,drone2
1743168127.9221044,-0.05139146372675896,-3.269981861114502,-0.13918092846870422,3.2545068934287356e-05,-0.00013327607803423355,0.0012750264611516293,-0.9999992242424558,0.0,drone3
1743168128.1221101,-0.04925753176212311,-3.272933006286621,-0.14874616265296936,7.06068629645852e-05,-0.00016852565035101264,0.0012640261336903102,-0.9999991820956072,0.20000576972961426,drone3
1743168128.3221533,-0.04916030913591385,-3.2756574153900146,-0.1579505056142807,6.338953413959064e-05,-0.00015794560805261544,0.0012607808263550013,-0.9999992242424558,0.40004897117614746,drone3
1743168128.5220933,-0.051184721291065216,-3.2773284912109375,-0.16794820129871368,6.638692261962936e-05,-0.00011362379025457377,0.0012230593969377312,-0.9999992663893043,0.5999889373779297,drone3
1743168128.7221959,-0.05365794524550438,-3.2777762413024902,-0.16839581727981567,5.7379007418770575e-05,-8.795577685389608e-05,0.0011836520935800676,-0.9999993085361527,0.8000915050506592,drone3
1743168128.9221306,-0.0565294474363327,-3.2753260135650635,-0.15221992135047913,9.098660961979258e-05,-6.531558517857623e-05,0.0011531377752581062,-0.9999993928298498,1.0000262260437012,drone3
1743168129.1221204,-0.05936700478196144,-3.269369602203369,-0.13147784769535065,0.0001258017779395159,-4.318327408930242e-05,0.0010831740067300255,-0.9999994771235468,1.2000160217285156,drone3
1743168129.3221385,-0.060930248349905014,-3.262568235397339,-0.1164117306470871,0.00019006138828582273,-2.3207509761809417e-05,0.0010296053622727563,-0.9999995192703953,1.4000341892242432,drone3
1743168129.5221136,-0.06089569255709648,-3.2572779655456543,-0.10632030665874481,0.0002202450040773654,-3.0063626924175462e-05,0.0009928111635226777,-0.9999994771235469,1.6000092029571533,drone3
1743168129.7221363,-0.06202695518732071,-3.2514312267303467,-0.10033392906188965,0.00026292412118683644,-4.2626515866834806e-05,0.0009559748179241989,-0.9999995614172439,1.8000319004058838,drone3
1743168129.92212,-0.06401358544826508,-3.246457815170288,-0.0969424694776535,0.00026176974411313246,-3.249796756720741e-05,0.0009317825268789215,-0.9999995614172439,2.0000157356262207,drone3
1743168130.122199,-0.06680963188409805,-3.2437641620635986,-0.09593906998634338,0.00026258564988924926,-1.3118906302494295e-05,0.0009040920474072678,-0.9999996035640923,2.200094699859619,drone3
1743168130.322224,-0.06969481706619263,-3.243420362472534,-0.09624631702899933,0.00025178535532220566,-1.3019301445661935e-05,0.0008776659733908954,-0.9999996457109409,2.4001195430755615,drone3
1743168130.522188,-0.07348255813121796,-3.2450478076934814,-0.09767068922519684,0.00021230798900272513,3.840661410859351e-05,0.000846308718098876,-0.9999996457109408,2.600083589553833,drone3
1743168130.7221675,-0.0781099796295166,-3.246556043624878,-0.09957219660282135,0.00020074601053901497,9.133595076042077e-05,0.0008086294355300616,-0.9999996457109409,2.800063133239746,drone3
1743168130.922178,-0.08135928213596344,-3.247722625732422,-0.10229848325252533,0.00021021850959695946,9.934560638121892e-05,0.0007984298981904003,-0.9999996457109409,3.0000736713409424,drone3
1743168131.1221995,-0.08006516098976135,-3.247299909591675,-0.10690240561962128,0.00021692866654298587,3.627177744984052e-05,0.0008059741840739099,-0.9999996878577894,3.2000951766967773,drone3
1743168131.3221667,-0.07724281400442123,-3.2445566654205322,-0.11170241236686707,0.00026446400404165883,-5.330950719339394e-05,0.000800326506373461,-0.9999996878577894,3.400062322616577,drone3
1743168131.5221796,-0.07520671933889389,-3.2395994663238525,-0.11494739353656769,0.00030097721008191943,-7.484697895229416e-05,0.0007704865376277348,-0.9999996878577894,3.6000752449035645,drone3
1743168131.7221835,-0.07281189411878586,-3.2368831634521484,-0.11839728057384491,0.00030500072152029304,-6.25386894902757e-05,0.0007640802166540839,-0.9999996878577894,3.800079107284546,drone3
1743168131.9221632,-0.06996884196996689,-3.2388646602630615,-0.12217244505882263,0.0002830328600561523,-6.924548168545665e-05,0.0007760077747826499,-0.9999996457109408,4.000058889389038,drone3
1743168132.1221528,-0.0672094002366066,-3.2415688037872314,-0.10959778726100922,0.00711900837690698,-0.0017602802502146358,0.0005318510813590026,-0.9999729667558335,4.200048446655273,drone3
1743168132.3221714,-0.06342760473489761,-3.237025260925293,-0.020430848002433777,0.009953356938939777,-0.0021332528592112217,-1.05367121276402e-05,-0.9999482265557575,4.400067090988159,drone3
1743168132.5222342,-0.05693729966878891,-3.222320079803467,0.16962221264839172,0.005529944759683981,-0.0009577466319227652,-0.0007480222673711957,-0.9999840513769918,4.600129842758179,drone3
1743168132.722164,-0.04789760708808899,-3.203124761581421,0.4091320037841797,0.001745950980265562,0.0001839830121873843,-0.0012787353838204507,-0.9999977069559094,4.80005955696106,drone3
1743168132.922159,-0.03815478831529617,-3.1802139282226562,0.6258022785186768,-0.0009459507003777146,0.0013431030880740236,-0.0011820083664880188,-0.9999980019838489,5.000054597854614,drone3
1743168133.1221716,-0.030026335269212723,-3.1556766033172607,0.8024656772613525,-0.00308062416356981,0.002000812932051907,-0.0007374434083950442,-0.9999930286557247,5.2000672817230225,drone3
1743168133.3221521,-0.024085981771349907,-3.1344244480133057,0.9458327293395996,-0.003189635793631317,0.0017510189741628706,-0.00015383599706464402,-0.9999934079773612,5.400047779083252,drone3
1743168133.5221841,-0.02159053087234497,-3.123375177383423,1.0246803760528564,-0.0026976355453561572,0.0014084227184137502,0.00016858739404368447,-0.9999954310260898,5.600079774856567,drone3
1743168133.7221487,-0.018917599692940712,-3.1075332164764404,1.1562438011169434,-0.0029403225320740766,0.0008008579517913702,0.0005492155829455725,-0.9999952202918472,5.800044298171997,drone3
1743168133.9221563,-0.01905953511595726,-3.102400302886963,1.263301134109497,-0.0035937483382323726,0.0005208137107691163,0.000562449693377931,-0.9999932815368158,6.000051975250244,drone3
1743168134.1221836,-0.021456528455018997,-3.1004016399383545,1.3505593538284302,-0.0023435867890229008,3.0392240633781283e-05,0.00042800124662828454,-0.9999971590468788,6.2000792026519775,drone3
1743168134.322133,-0.025450779125094414,-3.1006217002868652,1.409331202507019,-0.0008549916068569273,-0.0005485186987993421,0.0002590766777965658,-0.9999994349766983,6.400028705596924,drone3
1743168134.5221581,-0.029059894382953644,-3.100855588912964,1.4500527381896973,2.4148456676501753e-05,-0.000925196052823163,7.565359307709624e-05,-0.9999996035640923,6.600053787231445,drone3
1743168134.72216,-0.0320112369954586,-3.1005606651306152,1.482412338256836,0.0002407705810407143,-0.0009927301213890488,0.06428376419481652,-0.9979312048265716,6.800055742263794,drone3
1743168134.922158,-0.03330469876527786,-3.097703695297241,1.5123460292816162,0.002173530676090515,-0.0011047312142445432,0.05849409376172349,-0.9982847747387296,7.000053644180298,drone3
1743168135.1221356,-0.032151710242033005,-3.0921170711517334,1.4910435676574707,0.0016947889043945723,-0.004161089617897488,0.039512881213205786,-0.999209012979725,7.200031280517578,drone3
1743168135.3221343,-0.027439722791314125,-3.0850045680999756,1.443058729171753,-0.002010673360128843,-0.013409679715337875,0.01480918030812145,-0.9997983945093014,7.400029897689819,drone3
1743168135.5221646,-0.012040944769978523,-3.078038215637207,1.4228135347366333,-0.002894712727267958,-0.025227964236622293,-0.005428598381900131,-0.9996628080976417,7.600060224533081,drone3
1743168135.722152,0.02248057723045349,-3.074617624282837,1.4166975021362305,-0.0004024819883992297,-0.02240177372395439,-0.015537140675601415,-0.9996282898287114,7.8000476360321045,drone3
1743168135.9221866,0.07570122182369232,-3.072460174560547,1.4121655225753784,0.0024349307812292103,-0.013664336900941267,-0.017214669540032035,-0.9997554890175173,8.00008225440979,drone3
1743168136.1221395,0.1390850991010666,-3.066951274871826,1.4027478694915771,0.0023378926016166877,-0.006149948608881396,-0.014870630413250152,-0.9998678525156474,8.200035095214844,drone3
1743168136.3221335,0.20439136028289795,-3.057842969894409,1.3889427185058594,0.0005414997204933475,-0.0006553510044336535,-0.009991121173749895,-0.9999497859891525,8.400029182434082,drone3
1743168136.5221488,0.2672891914844513,-3.045593500137329,1.38016939163208,-0.0010005193549601904,0.001218109519171749,-0.004363252492090242,-0.9999892354393587,8.60004448890686,drone3
1743168136.7221484,0.3240990936756134,-3.033491373062134,1.3799307346343994,-0.0023997004610494094,0.0001580653345312165,0.00034918663991279075,-0.9999970747531817,8.800044059753418,drone3
1743168136.922121,0.3769141435623169,-3.0247082710266113,1.38485848903656,-0.00299367624406763,-0.0004891727051120108,0.003473490373176902,-0.9999893618799042,9.000016689300537,drone3
1743168137.1221263,0.4284088909626007,-3.0198051929473877,1.391046404838562,-0.0027874287887231417,-0.0016187031826430658,0.004312423392786258,-0.9999855265166897,9.200021982192993,drone3
1743168137.3221145,0.47999149560928345,-3.0173449516296387,1.399120569229126,-0.002107365351125325,-0.003396990015339534,0.0028849939274193104,-0.9999878867402063,9.400010108947754,drone3
1743168137.5222006,0.5251483917236328,-3.0166468620300293,1.4060872793197632,-0.0015456292318808751,-0.0035467390440287244,0.0011849164990352932,-0.999991890690815,9.600096225738525,drone3
1743168137.72218,0.5806564092636108,-3.0168468952178955,1.4141228199005127,-0.0010295960603313942,-0.0026232268483533804,-0.000679744372783564,-0.9999958524945749,9.80007553100586,drone3
1743168137.9221597,0.6364006996154785,-3.018015146255493,1.4230830669403076,-0.0004389900495605214,-0.002264181879474186,-0.0016805212906748081,-0.9999959789351205,10.000055313110352,drone3
1743168138.1221774,0.6954290270805359,-3.0208547115325928,1.4328199625015259,0.002093462375557832,-0.0017679597743866548,-0.0016145614727552382,-0.9999950095576047,10.200073003768921,drone3
1743168138.322244,0.7468324899673462,-3.02138352394104,1.4430989027023315,0.005520810088813753,-0.0014543142156330387,-0.0007499188755542564,-0.9999834191742643,10.400139570236206,drone3
1743168138.5221848,0.789162278175354,-3.0181126594543457,1.449203610420227,0.008648977831978403,-0.0003149739356339788,-1.6816592555757313e-05,-0.9999625986310998,10.600080490112305,drone3
1743168138.7221918,0.8496691584587097,-3.0052292346954346,1.4543483257293701,0.012071666764720422,0.0003101474629350932,0.0006238997985069106,-0.9999269423972597,10.800087451934814,drone3
1743168138.9221566,0.8993964791297913,-2.985114097595215,1.4732838869094849,0.012373297930078223,0.0008574881696663261,0.0005451694854884948,-0.9999229805934995,11.000052213668823,drone3
1743168139.1221483,0.9489666819572449,-2.9559667110443115,1.4872486591339111,0.009751927930283103,0.004196161969713433,0.00029802036582066176,-0.9999436325492699,11.20004391670227,drone3
1743168139.3221426,0.9922266602516174,-2.918727159500122,1.4849175214767456,0.007110804064790405,0.0037361931616704262,-0.0007176343895949342,-0.999967487665527,11.400038242340088,drone3
1743168139.522144,1.028145432472229,-2.8773882389068604,1.4742040634155273,0.004321657503877163,0.0017290007031745946,-0.003692696132281903,-0.9999824076499,11.600039720535278,drone3
1743168139.7221503,1.061360478401184,-2.835148572921753,1.4628316164016724,0.003254823468115379,-0.0003340985620541768,-0.006529516211853159,-0.9999733882243187,11.80004596710205,drone3
1743168139.9221575,1.0943785905838013,-2.792403221130371,1.4563170671463013,0.002568268757302377,-0.0014307872191769745,-0.0073941588090540855,-0.9999683727493458,12.00005316734314,drone3
1743168140.1221325,1.1285661458969116,-2.746137857437134,1.4538887739181519,0.0022204827489502774,-0.002020201110042029,-0.005042153927903692,-0.999982829118385,12.20002818107605,drone3
1743168140.322165,1.1639924049377441,-2.6974668502807617,1.4539697170257568,0.0013886973553456593,-0.00170360407828073,-0.0013652207169647657,-0.9999966954315451,12.400060653686523,drone3
1743168140.5221212,1.200942873954773,-2.648754358291626,1.4540926218032837,0.00040850592138854416,-0.0010319278223775495,0.0017210665589424412,-0.9999979176901519,12.600016832351685,drone3
1743168140.7221277,1.2364057302474976,-2.601722478866577,1.4539960622787476,-0.0014932467907185325,0.00020112402023147606,0.00279732848251657,-0.9999949674107562,12.800023317337036,drone3
1743168140.9221268,1.2695850133895874,-2.5584006309509277,1.452979326248169,0.0010072918318252862,-0.0009544154514125609,0.0015869974338292847,-0.9999977912496063,13.000022411346436,drone3
1743168141.1221144,1.3030868768692017,-2.515962600708008,1.4539000988006592,0.003599806618433682,0.00015834850866964872,0.00015286661954910796,-0.9999935344179067,13.200010061264038,drone3
1743168141.3221304,1.3373024463653564,-2.473735809326172,1.4583851099014282,0.004941736591784737,0.0016380430296404024,-0.0010848177338218523,-0.9999858636914778,13.400026082992554,drone3
1743168141.5221107,1.3728806972503662,-2.4318759441375732,1.4663681983947754,0.006381469479558212,0.004548337084603417,-0.0024270262714997655,-0.9999663918474658,13.600006341934204,drone3
1743168141.7221532,1.4061824083328247,-2.3861091136932373,1.4750936031341553,0.007668880034818518,0.008557427468387028,-0.00285903146873645,-0.9999298926766553,13.800048828125,drone3
1743168141.922085,1.4296705722808838,-2.336773633956909,1.4822710752487183,0.006196674975900926,0.010645243884633915,-0.0029746402742018554,-0.9999197352861642,13.999980688095093,drone3
1743168142.122134,1.4402496814727783,-2.2836475372314453,1.48850679397583,0.004915141436465983,0.011075376839834384,-0.003185079488816688,-0.9999215476006502,14.200029611587524,drone3
1743168142.322111,1.440102458000183,-2.2286744117736816,1.4944733381271362,0.0035710435345946492,0.009518898334138624,-0.0036651320933557825,-0.9999416095005413,14.400006532669067,drone3
1743168142.522113,1.432775855064392,-2.1713454723358154,1.5017503499984741,0.0016083823496369888,0.007604197628608329,-0.003886403048037945,-0.9999622614563117,14.600008726119995,drone3
1743168142.7220974,1.421676754951477,-2.111346960067749,1.5120313167572021,0.0007513118618249099,0.0053011850014931345,-0.0023613193346713186,-0.9999828712652334,14.79999303817749,drone3
1743168142.9221146,1.4092861413955688,-2.0512337684631348,1.523379921913147,0.0005689557838445574,0.003945039192484384,0.00019176816072469263,-0.9999920592782089,15.000010251998901,drone3
1743168143.1221464,1.3956608772277832,-1.992240309715271,1.5346183776855469,-0.000616978413409741,0.003268939945870433,0.0015141255327539296,-0.9999933658305127,15.200042009353638,drone3
1743168143.3221855,1.3792893886566162,-1.9356826543807983,1.5459368228912354,-0.001188556439166961,0.002571974387248796,0.0010526596884081198,-0.9999954310260898,15.400081157684326,drone3
1743168143.5221968,1.3650788068771362,-1.8927613496780396,1.5555037260055542,-0.000330673389750095,0.0020962429048169045,-0.0002195850807417131,-0.9999977912496063,15.60009241104126,drone3
1743168143.7221363,1.3467211723327637,-1.842319130897522,1.5667282342910767,0.0023757502468495107,0.002154097212875591,-0.0016489533011401767,-0.9999935765647552,15.800031900405884,drone3
1743168143.9221306,1.3282803297042847,-1.7943189144134521,1.5966682434082031,0.0027801708873827226,0.0019359784843784363,-0.0027263531896240534,-0.999990584138511,16.0000262260437,drone3
1743168144.122137,1.3047454357147217,-1.7438794374465942,1.6219624280929565,0.0020005147348668858,0.0024272181549059068,-0.002587942939114296,-0.9999917642502694,16.200032711029053,drone3
1743168144.3221316,1.2764487266540527,-1.692386269569397,1.63380765914917,0.000938943457540647,0.003434790099666579,-0.001080982370607275,-0.9999931550962702,16.40002727508545,drone3
1743168144.5221217,1.2460604906082153,-1.6405678987503052,1.6372075080871582,-0.00029441368218637595,0.0035396982977398137,0.0005844924951491917,-0.9999934922710583,16.600017309188843,drone3
1743168144.7221417,1.215391993522644,-1.5916827917099,1.6404882669448853,-0.004935593853250278,0.00688914572130139,0.0009799985215754319,-0.9999636523023125,16.800037384033203,drone3
1743168144.9221148,1.1799437999725342,-1.5476444959640503,1.6512359380722046,-0.011322164130454037,0.010661988983951615,0.00045497522967519253,-0.9998789792836542,17.00001049041748,drone3
1743168145.1221292,1.1359481811523438,-1.5151082277297974,1.6718122959136963,-0.018179666746987764,0.010930974492846475,-0.0006754032473869625,-0.9997747922741352,17.200024843215942,drone3
1743168145.3221202,1.0871353149414062,-1.5000945329666138,1.6954476833343506,-0.02489582336275416,0.006912490136292618,-0.0030154805704088457,-0.9996616701327321,17.400015830993652,drone3
1743168145.5221078,1.0377168655395508,-1.5067527294158936,1.715688705444336,-0.024340260727840762,0.0014919141435886922,-0.0063659021459339105,-0.9996824063821994,17.600003480911255,drone3
1743168145.7221167,0.9914618730545044,-1.532983422279358,1.7281163930892944,-0.020134713181799622,-0.0028912665638576806,-0.00920853849059966,-0.9997506842767869,17.800012350082397,drone3
1743168145.922115,0.9511576890945435,-1.5705558061599731,1.7371970415115356,-0.013174159174591948,-0.004372865924817774,-0.010394930129332791,-0.9998496029302422,18.00001072883606,drone3
1743168146.122212,0.9172202348709106,-1.6144483089447021,1.7469924688339233,-0.0077336307650212885,-0.003509632448227739,-0.009577871324100595,-0.9999180494122237,18.20010757446289,drone3
1743168146.3221936,0.8876534104347229,-1.6628344058990479,1.7595456838607788,-0.004221858541050924,-0.0015915115917952364,-0.00688527776013359,-0.9999661811132232,18.400089263916016,drone3
1743168146.522229,0.8628318309783936,-1.7133303880691528,1.7708929777145386,-0.0016080879802417968,-0.00028218730948729553,-0.005242646486269986,-0.999984894313962,18.60012459754944,drone3
1743168146.7221694,0.8368167281150818,-1.7614719867706299,1.7769547700881958,-0.00102624203141369,0.0012947898551650544,-0.003365425853594839,-0.9999929865088761,18.80006504058838,drone3
1743168146.922172,0.8054642081260681,-1.80961275100708,1.777685284614563,-0.0016114253912004322,0.0017110436041387436,7.392557228824714e-05,-0.9999972854874243,19.000067710876465,drone3
1743168147.1221604,0.7710254788398743,-1.8597708940505981,1.7729510068893433,-0.0011676059775188642,0.000687625854034813,0.0031397294798191644,-0.9999942087674829,19.200056076049805,drone3
1743168147.3221655,0.7374488711357117,-1.9083338975906372,1.7641314268112183,-0.0007346756281460639,-0.00010449957120597025,0.003465061003474712,-0.9999937451521494,19.40006113052368,drone3
1743168147.5221708,0.7053487300872803,-1.9524741172790527,1.7529200315475464,-0.0007583433164624033,-0.0009365752388819973,0.0014252378292444745,-0.9999982970117884,19.600066423416138,drone3
1743168147.722142,0.6754415035247803,-1.9931817054748535,1.7390176057815552,-0.002309126636645308,-0.0007770921506329764,-0.0011484173282247934,-0.999996358256757,19.800037622451782,drone3
1743168147.9221342,0.6465715169906616,-2.0320067405700684,1.7195188999176025,-0.0032337862638077484,-0.0009449038615642121,-0.0030919349536076,-0.9999895726141468,20.000029802322388,drone3
1743168148.1221306,0.6188284158706665,-2.0746843814849854,1.6974977254867554,-0.002251745595713186,-0.0017230324789347517,-0.0032276478058126945,-0.9999907527259051,20.200026273727417,drone3
1743168148.3221653,0.5930069088935852,-2.119105577468872,1.6737629175186157,-0.0016376648090077816,-0.0018273952066499759,-0.0022300740484083037,-0.9999945037954225,20.400060892105103,drone3
1743168148.5221353,0.5700507164001465,-2.164684772491455,1.6482746601104736,-0.0016280132115680606,-0.0012164999849453265,-0.0009275256951792322,-0.9999975805153638,20.60003089904785,drone3
1743168148.722191,0.558753252029419,-2.189114570617676,1.636663556098938,-0.0010784931701198748,-0.0009593591450339869,-0.0002621955445862301,-0.9999989292145162,20.800086736679077,drone3
1743168148.922207,0.5363699197769165,-2.236117124557495,1.6201539039611816,-0.0008302632875927909,-0.0008433233647767794,0.00048827123999878314,-0.9999991820956072,21.000102758407593,drone3
1743168149.1221685,0.5137405395507812,-2.283435344696045,1.6072801351547241,0.0013516275968780897,-0.0017844686928904204,0.00039651755079062035,-0.9999974540748183,21.200064182281494,drone3
1743168149.3221629,0.4942541718482971,-2.3300740718841553,1.5998574495315552,0.0018731213371696999,-0.001705423348643064,0.00033683761329916784,-0.999996779725242,21.40005850791931,drone3
1743168149.522163,0.47897112369537354,-2.3736374378204346,1.595422625541687,0.002159699121732746,-0.0014770250079100052,0.0005573077778596168,-0.9999964846973025,21.600058555603027,drone3
1743168149.722266,0.46520957350730896,-2.4142706394195557,1.5906850099563599,0.0018281528106577427,-0.0005108063037895609,0.0007470528898556594,-0.9999979176901519,21.800161600112915,drone3
1743168149.9221852,0.44936197996139526,-2.4543004035949707,1.5894205570220947,0.0010754303464967957,0.00025088109139468175,0.0005695725107762728,-0.9999992242424558,22.000080823898315,drone3
1743168150.122159,0.43121472001075745,-2.4931042194366455,1.5896098613739014,0.00047424266764577226,0.00028864459563213737,-0.00014481657148329716,-0.999999898592032,22.20005464553833,drone3
1743168150.322175,0.41265401244163513,-2.5326311588287354,1.5901035070419312,-0.00030000107219508166,-1.3176621554764123e-05,-0.0007853643751519757,-0.9999996457109408,22.400070667266846,drone3
1743168150.5221698,0.39630383253097534,-2.5731799602508545,1.5901925563812256,-0.0012357660132190991,3.714479138250917e-05,-0.0005668329656229321,-0.9999990978019102,22.60006546974182,drone3
1743168150.7221513,0.3817431330680847,-2.6139116287231445,1.590268850326538,-0.0010085169972885973,0.00029516890926005956,9.67691641810542e-05,-0.9999994771235469,22.800046920776367,drone3
1743168150.9221635,0.367297887802124,-2.6550447940826416,1.5898964405059814,-0.0002486498397039346,0.0005890712933745959,0.0006224246588090177,-0.9999996457109409,23.000059127807617,drone3
1743168151.1221516,0.3528445363044739,-2.6920931339263916,1.5882434844970703,5.734510909746621e-05,0.0008054729082262177,0.0006581230394976378,-0.9999995192703954,23.200047254562378,drone3
1743168151.3221772,0.33725085854530334,-2.72426700592041,1.5886356830596924,-0.00023171246596942062,0.0006379417372553823,0.0001858676019331207,-0.9999997300046379,23.400072813034058,drone3
1743168151.5221624,0.3213561773300171,-2.7548794746398926,1.589179515838623,-0.0008832908695671828,0.00041452444196506187,-0.00037561271392905216,-0.9999994771235468,23.60005807876587,drone3
1743168151.7222438,0.3063935935497284,-2.7864725589752197,1.5895428657531738,-0.0013657611762107132,0.00010798471221943253,-0.0005207664602004947,-0.9999989713613646,23.80013942718506,drone3
1743168151.9221976,0.2927345931529999,-2.8209030628204346,1.5898357629776,-0.001816371696364,0.00021589204545911564,-0.00030902069328181403,-0.9999982970117886,24.00009322166443,drone3
1743168152.122221,0.2807919979095459,-2.856546640396118,1.591225504875183,-0.0006942804462878561,0.00016412910946314206,0.0001423720542699236,-0.9999997300046379,24.200116634368896,drone3
1743168152.3221374,0.2684994041919708,-2.8900861740112305,1.5935091972351074,0.001616393955166915,-0.00035940041827731736,0.00043697852536106474,-0.9999985498928796,24.400032997131348,drone3
1743168152.5221426,0.25626814365386963,-2.9201040267944336,1.5985304117202759,0.00349819888079833,-0.001117859628283429,0.00042235356892778014,-0.9999931972431186,24.600038290023804,drone3
1743168152.7221618,0.24700011312961578,-2.9453372955322266,1.602230191230774,0.004287899195308952,-0.0015235196701601805,0.0005938490955185171,-0.9999895304672983,24.800057411193848,drone3
1743168152.9222124,0.23952868580818176,-2.967055320739746,1.603946328163147,0.004462327549866081,-0.0015509589149020426,0.0008389330196094668,-0.9999885610897825,25.000108003616333,drone3
1743168153.122131,0.23504996299743652,-2.984081983566284,1.5703964233398438,0.0022071339797451617,-0.0006462158962487137,0.0011597548304744243,-0.9999967375783936,25.200026750564575,drone3
1743168153.3221536,0.22980651259422302,-3.0016398429870605,1.4404621124267578,-0.000349003183818433,-5.230293220270029e-05,0.0013787920021854916,-0.9999990556550618,25.400049209594727,drone3
1743168153.5221465,0.22282817959785461,-3.023191213607788,1.2867686748504639,-0.0002367765703382285,4.8749395168474085e-05,0.0012247031240296136,-0.9999992242424557,25.60004210472107,drone3
1743168153.7221594,0.21791978180408478,-3.0394115447998047,1.189010500907898,-0.00024361232921451574,0.00011924721756813733,0.0010876837195207822,-0.9999994349766983,25.800055027008057,drone3
1743168153.9221463,0.20848920941352844,-3.0671470165252686,1.042458176612854,-0.00015774471596352788,6.548040780755688e-05,0.0009106669557749636,-0.9999996035640923,26.000041961669922,drone3
1743168154.122152,0.19608817994594574,-3.0916554927825928,0.8919856548309326,-0.00010768411366203041,8.879829966147935e-05,0.0005702047135039967,-0.9999998564451834,26.200047731399536,drone3
1743168154.3221364,0.18103022873401642,-3.1168298721313477,0.743735671043396,-6.862128246013873e-05,8.681057374262537e-05,9.040499005597002e-05,-1.0000000250325773,26.40003204345703,drone3
1743168154.5221505,0.1685105413198471,-3.142864227294922,0.5970442295074463,-2.138117933931065e-05,1.8952357865865924e-06,-6.747710446586286e-05,-1.0000000250325776,26.600046157836914,drone3
1743168154.7221456,0.1578436642885208,-3.1670379638671875,0.4528847932815552,4.470634347977772e-05,-1.6810336382959658e-05,3.215804541395473e-05,-1.0000000250325776,26.80004119873047,drone3
1743168154.9221349,0.1472565084695816,-3.190295457839966,0.30998456478118896,-7.179902402876133e-06,3.568573200384413e-05,0.0001431728443915814,-1.0000000250325773,27.000030517578125,drone3
1743168155.1221213,0.1380530446767807,-3.213347911834717,0.17004072666168213,-1.592879352718103e-05,3.700464873806317e-05,0.0001743615122896669,-1.0000000250325773,27.200016975402832,drone3
1743168155.3221176,0.12975773215293884,-3.2339205741882324,0.03247708082199097,8.64463915560533e-06,2.2495749198337206e-05,0.00023050111450617639,-1.0000000250325773,27.400013208389282,drone3
1743168155.522116,0.12064408510923386,-3.2523374557495117,-0.1046401709318161,-7.95010300356536e-06,1.9413681798463934e-05,0.0003135304060726818,-1.0000000250325776,27.600011587142944,drone3
1743168155.7221746,0.11173736304044724,-3.2710554599761963,-0.24160189926624298,-8.483028217320765e-06,5.5810849595907445e-06,0.00032946191480975884,-0.9999999407388804,27.80007028579712,drone3
1743168155.9221158,0.10440243035554886,-3.2825093269348145,-0.32295122742652893,-2.7325628771762155e-05,2.0710007047576847e-05,0.000312266000617345,-0.9999999407388804,28.000011444091797,drone3
1743168156.1221082,0.10125106573104858,-3.279757499694824,-0.3072938919067383,-4.943374638869008e-06,6.220101564905097e-05,0.00038324129350963965,-0.9999999407388804,28.20000386238098,drone3
1743168156.322128,0.09726939350366592,-3.277275562286377,-0.29732048511505127,4.499221096235035e-05,0.0001116069565399673,0.0001974158384251412,-0.9999999828857289,28.400023698806763,drone3
1743168156.5221457,0.09278176724910736,-3.2726988792419434,-0.2908712923526764,8.248641937239114e-05,0.00018804652505973891,-7.611720841060875e-05,-0.9999999828857289,28.600041389465332,drone3
1743168156.7221253,0.09096235036849976,-3.2669246196746826,-0.2858506739139557,0.00015974087369602407,0.00020274149171980435,-7.94046625944289e-05,-0.999999982885729,28.800020933151245,drone3
1743168156.9221165,0.09079796075820923,-3.2629663944244385,-0.28082072734832764,0.00020316308882688752,0.00016454206960465656,2.9587087654714416e-05,-0.9999999828857289,29.000012159347534,drone3
1743168157.1221502,0.09148181974887848,-3.2611963748931885,-0.27655819058418274,0.0002130274746020911,0.00011892816304377765,0.0001685873940436844,-0.9999999828857289,29.200045824050903,drone3
1743168157.3222506,0.09077408164739609,-3.261669874191284,-0.27400243282318115,0.0002005944269699627,9.172335500187856e-05,0.00019446555902929985,-0.999999982885729,29.40014624595642,drone3
1743168157.5221086,0.09019901603460312,-3.262953042984009,-0.27117469906806946,0.000159663704370154,0.00010114749734239699,0.00046496403277229703,-0.999999898592032,29.600004196166992,drone3
1743168157.7221186,0.09008980542421341,-3.2611825466156006,-0.2681978940963745,0.00021162423716023564,0.00014761080412769803,0.0013200814422097418,-0.9999991820956073,29.80001425743103,drone3
1743168157.922133,0.08985971659421921,-3.257261037826538,-0.2655786871910095,0.0002991261598021962,0.0001640793121796046,0.002248745102298777,-0.9999974119279698,30.000028610229492,drone3
1743168158.122132,0.09094759076833725,-3.2547948360443115,-0.26210105419158936,0.0003591593909875179,0.0001648521295943591,0.0029449267460017747,-0.9999955574666354,30.20002770423889,drone3
1743168158.3221214,0.09208127856254578,-3.253446578979492,-0.25862714648246765,0.00039893133249722544,0.00012932919956821958,0.003427718895694043,-0.9999940823269373,30.400017023086548,drone3
1743168158.5221565,0.09473789483308792,-3.253293037414551,-0.25352710485458374,0.00039160941857255683,8.478690569929633e-05,0.0037155818710234434,-0.9999930708025733,30.60005211830139,drone3
1743168158.722181,0.09747114032506943,-3.25370717048645,-0.25301918387413025,0.0003646847440456199,7.146010512737702e-05,0.0038998478927131375,-0.999992396452997,30.800076723098755,drone3
1743168158.9221773,0.10018660873174667,-3.2565345764160156,-0.22693035006523132,0.0003445267583948165,6.074717060522051e-05,0.004034886395342052,-0.9999918063971178,31.000072956085205,drone3
1743168159.1222062,0.10032820701599121,-3.258650064468384,-0.18233081698417664,0.0003497412064168451,6.452815244901361e-05,0.004250931140808822,-0.9999909634601476,31.200101852416992,drone3
1743168159.3221757,0.10132678598165512,-3.2602505683898926,-0.13974876701831818,0.0003485395581951774,5.408027180156224e-05,0.0044401283437742745,-0.9999900783763289,31.400071382522583,drone3
1743168159.522175,0.10466212034225464,-3.261505126953125,-0.10711941123008728,0.00036041239539105015,1.892368802781004e-06,0.004581446726831251,-0.9999894461736012,31.60007071495056,drone3
1743168159.7221682,0.11037406325340271,-3.26204514503479,-0.0847388356924057,0.00036448804503289175,-3.251382408418889e-05,0.004646226432992562,-0.9999891511456617,31.800063848495483,drone3
1743168159.9221747,0.11741671711206436,-3.263206720352173,-0.07067522406578064,0.0003377065216183775,-0.00010349932441640816,0.004651115467419753,-0.9999891511456617,32.000070333480835,drone3
1743168160.1222146,0.12498494237661362,-3.2640154361724854,-0.06340722739696503,0.00032397867773085467,-0.00013037616185869499,0.0046604299209406785,-0.9999891089988131,32.20011019706726,drone3
1743168160.3221543,0.13065339624881744,-3.263309955596924,-0.058253392577171326,0.0003300666953324803,-0.000149730311619442,0.004737432213170134,-0.9999887296771766,32.400049924850464,drone3
1743168160.5221872,0.1335812658071518,-3.2598137855529785,-0.05443350970745087,0.00037258772060100374,-0.0001324719591758341,0.004930001164016318,-0.9999877602996607,32.600082874298096,drone3
1743168160.7221751,0.1351601779460907,-3.2548911571502686,-0.053670257329940796,0.0004012026833745316,-9.279254316949818e-05,0.005105037025882164,-0.9999869595095391,32.80007076263428,drone3
1743168160.9221506,0.13727886974811554,-3.2512757778167725,-0.056348711252212524,0.0003874389899703554,-9.819774272416713e-05,0.005142168399420166,-0.9999867487752965,33.000046253204346,drone3
1743168161.122157,0.1385386437177658,-3.248581647872925,-0.06011734902858734,0.0003776691323426619,-7.964623524155582e-05,0.0051612187749471294,-0.9999866644815996,33.2000527381897,drone3
1743168161.3221242,0.1394941210746765,-3.244982957839966,-0.06466814875602722,0.0003935566009158085,-5.6882286075085396e-05,0.005215461768980634,-0.9999863694536599,33.4000198841095,drone3
1743168161.5221496,0.1401122510433197,-3.2448275089263916,-0.06839229166507721,0.0003843600474413457,-4.05280535023902e-05,0.005278682041746974,-0.9999860322788718,33.6000452041626,drone3
1743168161.7221456,0.1408398151397705,-3.2501165866851807,-0.0716829001903534,0.00029065262131407167,-4.29149069125418e-05,0.005283276048234753,-0.9999860744257204,33.80004119873047,drone3
